Name,Symbol,Mint,Decimals,LogoURI,Community Validated
MonkeyBucks,MBS,Fm9rHUTF5v3hwMLbStjZXqNBBoZyGriQaFM6sTFz3K8A,6,https://raw.githubusercontent.com/solana-labs/token-list/main/assets/mainnet/Fm9rHUTF5v3hwMLbStjZXqNBBoZyGriQaFM6sTFz3K8A/logo.png,false
Cryowar Token,CWAR,HfYFjMKNZygfMC8LsQ8LtpPsPxEJoXJx4M6tqi75Hajo,9,https://raw.githubusercontent.com/solana-labs/token-list/main/assets/mainnet/HfYFjMKNZygfMC8LsQ8LtpPsPxEJoXJx4M6tqi75Hajo/logo.png,false
Decimated,DIO,BiDB55p4G3n1fGhwKFpxsokBMqgctL4qnZpDH1bVQxMD,9,https://raw.githubusercontent.com/solana-labs/token-list/main/assets/mainnet/BiDB55p4G3n1fGhwKFpxsokBMqgctL4qnZpDH1bVQxMD/logo.png,false
JPOOL Solana Token,JSOL,7Q2afV64in6N6SeZsAAB81TJzwDoD6zpqmHkzi9Dcavn,9,https://raw.githubusercontent.com/solana-labs/token-list/main/assets/mainnet/7Q2afV64in6N6SeZsAAB81TJzwDoD6zpqmHkzi9Dcavn/logo.svg,false
Synex Coin,MINECRAFT,FTkj421DxbS1wajE74J34BJ5a1o9ccA97PkK6mYq9hNQ,9,https://raw.githubusercontent.com/solana-labs/token-list/main/assets/mainnet/FTkj421DxbS1wajE74J34BJ5a1o9ccA97PkK6mYq9hNQ/logo.png,false
Wrapped SOL,SOL,So11111111111111111111111111111111111111112,9,https://raw.githubusercontent.com/solana-labs/token-list/main/assets/mainnet/So11111111111111111111111111111111111111112/logo.png,false
USD Coin,USDC,EPjFWdd5AufqSSqeM2qN1xzybapC8G4wEGGkZwyTDt1v,6,https://raw.githubusercontent.com/solana-labs/token-list/main/assets/mainnet/EPjFWdd5AufqSSqeM2qN1xzybapC8G4wEGGkZwyTDt1v/logo.png,false
Wrapped Bitcoin (Sollet),soBTC,9n4nbM75f5Ui33ZbPYXn59EwSgE8CGsHtAeTH5YFeJ9E,6,https://raw.githubusercontent.com/solana-labs/token-list/main/assets/mainnet/9n4nbM75f5Ui33ZbPYXn59EwSgE8CGsHtAeTH5YFeJ9E/logo.png,false
Wrapped Ethereum (Sollet),soETH,2FPyTwcZLUg1MDrwsyoP4D6s1tM7hAkHYRjkNb5w6Pxk,6,https://raw.githubusercontent.com/solana-labs/token-list/main/assets/mainnet/2FPyTwcZLUg1MDrwsyoP4D6s1tM7hAkHYRjkNb5w6Pxk/logo.png,false
Serum,SRM,SRMuApVNdxXokk5GT7XD5cUUgXMBCoAz2LHeuAoKWRt,6,https://raw.githubusercontent.com/solana-labs/token-list/main/assets/mainnet/SRMuApVNdxXokk5GT7XD5cUUgXMBCoAz2LHeuAoKWRt/logo.png,false
Bonfida,FIDA,EchesyfXePKdLtoiZSL8pBe8Myagyy8ZRqsACNCFGnvp,6,https://raw.githubusercontent.com/solana-labs/token-list/main/assets/mainnet/EchesyfXePKdLtoiZSL8pBe8Myagyy8ZRqsACNCFGnvp/logo.svg,false
Oxygen Protocol,OXY,z3dn17yLaGMKffVogeFHQ9zWVcXgqgf3PQnDsNs2g6M,6,https://raw.githubusercontent.com/solana-labs/token-list/main/assets/mainnet/z3dn17yLaGMKffVogeFHQ9zWVcXgqgf3PQnDsNs2g6M/logo.svg,false
USDT,USDT,Es9vMFrzaCERmJfrF4H2FYD4KCoNkY11McCe8BenwNYB,6,https://raw.githubusercontent.com/solana-labs/token-list/main/assets/mainnet/Es9vMFrzaCERmJfrF4H2FYD4KCoNkY11McCe8BenwNYB/logo.svg,false
Raydium,RAY,4k3Dyjzvzp8eMZWUXbBCjEvwSkkk59S5iCNLY3QrkX6R,6,https://raw.githubusercontent.com/solana-labs/token-list/main/assets/mainnet/4k3Dyjzvzp8eMZWUXbBCjEvwSkkk59S5iCNLY3QrkX6R/logo.png,false
Basic Attention Token (Portal),BAT,EPeUFDgHRxs9xxEPVaL6kfGQvCon7jmAWKVUHuux1Tpz,8,https://raw.githubusercontent.com/solana-labs/token-list/main/assets/mainnet/EPeUFDgHRxs9xxEPVaL6kfGQvCon7jmAWKVUHuux1Tpz/logo.png,false
Audius (Portal),AUDIO,9LzCMqDgTKYz9Drzqnpgee3SGa89up3a247ypMj2xrqM,8,https://raw.githubusercontent.com/solana-labs/token-list/main/assets/mainnet/9LzCMqDgTKYz9Drzqnpgee3SGa89up3a247ypMj2xrqM/logo.png,false
COPE,COPE,8HGyAAB1yoM1ttS7pXjHMa3dukTFGQggnFFH3hJZgzQh,6,https://raw.githubusercontent.com/solana-labs/token-list/main/assets/mainnet/8HGyAAB1yoM1ttS7pXjHMa3dukTFGQggnFFH3hJZgzQh/logo.png,false
Media Network,MEDIA,ETAtLmCmsoiEEKfNrHKJ2kYy3MoABhU6NQvpSfij5tDs,6,https://raw.githubusercontent.com/solana-labs/token-list/main/assets/mainnet/ETAtLmCmsoiEEKfNrHKJ2kYy3MoABhU6NQvpSfij5tDs/logo.png,false
Step,STEP,StepAscQoEioFxxWGnh2sLBDFp9d8rvKz2Yp39iDpyT,9,https://raw.githubusercontent.com/solana-labs/token-list/main/assets/mainnet/StepAscQoEioFxxWGnh2sLBDFp9d8rvKz2Yp39iDpyT/logo.png,false
Solanium,SLIM,xxxxa1sKNGwFtw2kFn8XauW9xq8hBZ5kVtcSesTT9fW,6,https://raw.githubusercontent.com/solana-labs/token-list/main/assets/mainnet/xxxxa1sKNGwFtw2kFn8XauW9xq8hBZ5kVtcSesTT9fW/logo.png,false
Samoyed Coin,SAMO,7xKXtg2CW87d97TXJSDpbD5jBkheTqA83TZRuJosgAsU,9,https://raw.githubusercontent.com/solana-labs/token-list/main/assets/mainnet/7xKXtg2CW87d97TXJSDpbD5jBkheTqA83TZRuJosgAsU/logo.png,false
Panda Coin,PANDA,Aw8qLRHGhMcKq7rxs5XBNCd9oe3BvoAhpNMVz7AdGmty,9,https://raw.githubusercontent.com/solana-labs/token-list/main/assets/mainnet/Aw8qLRHGhMcKq7rxs5XBNCd9oe3BvoAhpNMVz7AdGmty/logo.png,false
Star Atlas,ATLAS,ATLASXmbPQxBUYbxPsV97usA3fPQYEqzQBUHgiFCUsXx,8,https://raw.githubusercontent.com/solana-labs/token-list/main/assets/mainnet/ATLASXmbPQxBUYbxPsV97usA3fPQYEqzQBUHgiFCUsXx/logo.png,false
Star Atlas DAO,POLIS,poLisWXnNRwC6oBu1vHiuKQzFjGL4XDSu4g9qjz9qVk,8,https://raw.githubusercontent.com/solana-labs/token-list/main/assets/mainnet/poLisWXnNRwC6oBu1vHiuKQzFjGL4XDSu4g9qjz9qVk/logo.png,false
WOOF,WOOF,9nEqaUcb16sQ3Tn1psbkWqyhPdLmfHWjKGymREjsAgTE,6,https://raw.githubusercontent.com/solana-labs/token-list/main/assets/mainnet/9nEqaUcb16sQ3Tn1psbkWqyhPdLmfHWjKGymREjsAgTE/logo.png,false
Solpad Finance,SOLPAD,GfJ3Vq2eSTYf1hJP6kKLE9RT6u7jF9gNszJhZwo5VPZp,9,https://raw.githubusercontent.com/solana-labs/token-list/main/assets/mainnet/GfJ3Vq2eSTYf1hJP6kKLE9RT6u7jF9gNszJhZwo5VPZp/logo.png,false
Orca,ORCA,orcaEKTdK7LKz57vaAYr9QeNsVEPfiu6QeMU1kektZE,6,https://raw.githubusercontent.com/solana-labs/token-list/main/assets/mainnet/orcaEKTdK7LKz57vaAYr9QeNsVEPfiu6QeMU1kektZE/logo.png,false
Metaplex Token,MPLX,METAewgxyPbgwsseH8T16a39CQ5VyVxZi9zXiDPY18m,6,https://arweave.net/VRKOcXIvCxqp35RZ9I0-bDGk5qNfT46OTho-2oP9iGc,false
Aldrin,RIN,E5ndSkaB17Dm7CsD22dvcjfrYSDLCxFcMd6z8ddCk5wp,9,https://raw.githubusercontent.com/solana-labs/token-list/main/assets/mainnet/E5ndSkaB17Dm7CsD22dvcjfrYSDLCxFcMd6z8ddCk5wp/logo.png,false
Only1 (LIKE),LIKE,3bRTivrVsitbmCTGtqwp7hxXPsybkjn4XLNtPsHqa3zR,9,https://zbdf6pvmksjpci7njnig2cal2d4smxivlmhuyzdik2otbf5focdq.arweave.net/yEZfPqxUkvEj7UtQbQgL0PkmXRVbD0xkaFadMJelcIc,false
Coin98,C98,C98A4nkJXhpVZNAZdHUA95RpTF3T4whtQubL3YobiUX9,6,https://coin98.s3.ap-southeast-1.amazonaws.com/Coin/c98-512.svg,false
Saber Protocol Token,SBR,Saber2gLauYim4Mvftnrasomsv6NvAuncvMEZwcLpD1,6,https://raw.githubusercontent.com/solana-labs/token-list/main/assets/mainnet/Saber2gLauYim4Mvftnrasomsv6NvAuncvMEZwcLpD1/logo.svg,false
Marinade staked SOL (mSOL),mSOL,mSoLzYCxHdYgdzU16g5QSh3i5K3z3KZK7ytfqcJm7So,9,https://raw.githubusercontent.com/solana-labs/token-list/main/assets/mainnet/mSoLzYCxHdYgdzU16g5QSh3i5K3z3KZK7ytfqcJm7So/logo.png,false
Mango,MNGO,MangoCzJ36AjZyKwVj3VnYU4GTonjfVEnJmvvWaxLac,6,https://raw.githubusercontent.com/solana-labs/token-list/main/assets/mainnet/MangoCzJ36AjZyKwVj3VnYU4GTonjfVEnJmvvWaxLac/token.png,false
PAI (Parrot USD),PAI,Ea5SjE2Y6yvCeW5dYTn7PYMuW5ikXkvbGdcmSnXeaLjS,6,https://raw.githubusercontent.com/solana-labs/token-list/main/assets/mainnet/Ea5SjE2Y6yvCeW5dYTn7PYMuW5ikXkvbGdcmSnXeaLjS/logo.svg,false
Lido Staked SOL,stSOL,7dHbWXmci3dT8UFYWYZweBLXgycu7Y3iL6trKn1Y7ARj,9,https://raw.githubusercontent.com/solana-labs/token-list/main/assets/mainnet/7dHbWXmci3dT8UFYWYZweBLXgycu7Y3iL6trKn1Y7ARj/logo.png,false
Million,MM,2PoF4gqWg97yjJk276yUYaGVkkASE7tqAU7H5faEBkeC,8,https://raw.githubusercontent.com/solana-labs/token-list/main/assets/mainnet/2PoF4gqWg97yjJk276yUYaGVkkASE7tqAU7H5faEBkeC/logo.svg,false
Wrapped USDT (Allbridge from Polygon),apUSDT,DNhZkUaxHXYvpxZ7LNnHtss8sQgdAfd1ZYS1fB7LKWUZ,6,https://raw.githubusercontent.com/solana-labs/token-list/main/assets/mainnet/BQcdHdAQW1hczDbBi9hiegXAR7A98Q9jx3X3iBBBDiq4/logo.png,false
SynesisOne,SNS,SNSNkV9zfG5ZKWQs6x4hxvBRV6s8SqMfSGCtECDvdMd,9,https://raw.githubusercontent.com/Synesis-One/spl-token/main/icon.png,false
Infinity,INF,5oVNBeEEQvYi1cX3ir8Dx5n1P7pdxydbGF2X4TxVusJm,9,https://cloudflare-ipfs.com/ipfs/bafkreiflz2xxkfn33qjch2wj55bvbn33q3s4mmb6bye5pt3mpgy4t2wg4e,false
Wrapped USDC (Allbridge from Ethereum),aeUSDC,DdFPRnccQqLD4zCHrBqdY95D6hvw6PLWp9DEXj1fLCL9,9,https://raw.githubusercontent.com/solana-labs/token-list/main/assets/mainnet/EPjFWdd5AufqSSqeM2qN1xzybapC8G4wEGGkZwyTDt1v/logo.png,false
Marinade,MNDE,MNDEFzGvMt87ueuHvVU9VcTqsAP5b3fTGPsHuuPA5ey,9,https://raw.githubusercontent.com/solana-labs/token-list/main/assets/mainnet/MNDEFzGvMt87ueuHvVU9VcTqsAP5b3fTGPsHuuPA5ey/logo.png,false
UXD Stablecoin,UXD,7kbnvuGBxxj8AG9qp8Scn56muWGaRaFqxg1FsRp3PaFT,6,https://raw.githubusercontent.com/solana-labs/token-list/main/assets/mainnet/7kbnvuGBxxj8AG9qp8Scn56muWGaRaFqxg1FsRp3PaFT/uxd-icon-black.png,false
USD Coin (Portal from Ethereum),USDCet,A9mUU4qviSctJVPJdBJWkb28deg915LYJKrzQ19ji3FM,6,https://raw.githubusercontent.com/solana-labs/token-list/main/assets/mainnet/A9mUU4qviSctJVPJdBJWkb28deg915LYJKrzQ19ji3FM/logo.png,false
USD Coin (Portal from Polygon),USDCpo,E2VmbootbVCBkMNNxKQgCLMS1X3NoGMaYAsufaAsf7M,6,https://raw.githubusercontent.com/solana-labs/token-list/main/assets/mainnet/E2VmbootbVCBkMNNxKQgCLMS1X3NoGMaYAsufaAsf7M/logo.png,false
Tether USD (Portal from Ethereum),USDTet,Dn4noZ5jgGfkntzcQSUZ8czkreiZ1ForXYoV2H8Dm7S1,6,https://raw.githubusercontent.com/solana-labs/token-list/main/assets/mainnet/Dn4noZ5jgGfkntzcQSUZ8czkreiZ1ForXYoV2H8Dm7S1/logo.png,false
Tether USD (Portal from Polygon),USDTpo,5goWRao6a3yNC4d6UjMdQxonkCMvKBwdpubU3qhfcdf1,6,https://raw.githubusercontent.com/solana-labs/token-list/main/assets/mainnet/5goWRao6a3yNC4d6UjMdQxonkCMvKBwdpubU3qhfcdf1/logo.png,false
Dai Stablecoin (Portal),DAI,EjmyN6qEC1Tf1JxiG1ae7UTJhUxSwk1TCWNWqxWV4J6o,8,https://raw.githubusercontent.com/solana-labs/token-list/main/assets/mainnet/EjmyN6qEC1Tf1JxiG1ae7UTJhUxSwk1TCWNWqxWV4J6o/logo.png,false
Wrapped USDT (Allbridge from Avalanche),aaUSDT,FwEHs3kJEdMa2qZHv7SgzCiFXUQPEycEXksfBkwmS8gj,9,https://raw.githubusercontent.com/solana-labs/token-list/main/assets/mainnet/Es9vMFrzaCERmJfrF4H2FYD4KCoNkY11McCe8BenwNYB/logo.svg,false
Wrapped BTC (Allbridge from Avalanche),aaWBTC,Fd8xyHHRjTvxfZrBirb6MaxSmrZYw99gRSqFUKdFwFvw,9,https://raw.githubusercontent.com/solana-labs/token-list/main/assets/mainnet/qfnqNqs3nCAHjnyCgLRDbBtq4p2MtHZxw8YjSyYhPoL/logo.png,false
AVAX (Allbridge from Avalanche),AVAX,AUrMpCDYYcPuHhyNX8gEEqbmDPFUpBpHrNW3vPeCFn5Z,9,https://assets.coingecko.com/coins/images/12559/small/coin-round-red.png,false
Aurory,AURY,AURYydfxJib1ZkTir1Jn1J9ECYUtjb6rKQVmtYaixWPP,9,https://raw.githubusercontent.com/solana-labs/token-list/main/assets/mainnet/AURYydfxJib1ZkTir1Jn1J9ECYUtjb6rKQVmtYaixWPP/logo.png,false
Ether (Portal),ETH,7vfCXTUXx5WJV5JADk17DUJ4ksgau7utNKj4b963voxs,8,https://raw.githubusercontent.com/solana-labs/token-list/main/assets/mainnet/7vfCXTUXx5WJV5JADk17DUJ4ksgau7utNKj4b963voxs/logo.png,false
AVAX (Portal),AVAX,KgV1GvrHQmRBY8sHQQeUKwTm2r2h8t4C8qt12Cw1HVE,8,https://raw.githubusercontent.com/solana-labs/token-list/main/assets/mainnet/KgV1GvrHQmRBY8sHQQeUKwTm2r2h8t4C8qt12Cw1HVE/logo.png,false
Uniswap (Portal),UNI,8FU95xFJhUUkyyCLU13HSzDLs7oC4QZdXQHL6SCeab36,8,https://raw.githubusercontent.com/solana-labs/token-list/main/assets/mainnet/8FU95xFJhUUkyyCLU13HSzDLs7oC4QZdXQHL6SCeab36/logo.png,false
Binance Coin (Portal),BNB,9gP2kCy3wA1ctvYWQk75guqXuHfrEomqydHLtcTCqiLa,8,https://raw.githubusercontent.com/solana-labs/token-list/main/assets/mainnet/9gP2kCy3wA1ctvYWQk75guqXuHfrEomqydHLtcTCqiLa/logo.png,false
Hxro (Portal),HXRO,HxhWkVpk5NS4Ltg5nij2G671CKXFRKPK8vy271Ub4uEK,8,https://raw.githubusercontent.com/solana-labs/token-list/main/assets/mainnet/HxhWkVpk5NS4Ltg5nij2G671CKXFRKPK8vy271Ub4uEK/logo.png,false
Samusky Token,SAMU,SAMUmmSvrE8yqtcG94oyP1Zu2P9t8PSRSV3vewsGtPM,9,https://raw.githubusercontent.com/solana-labs/token-list/main/assets/mainnet/SAMUmmSvrE8yqtcG94oyP1Zu2P9t8PSRSV3vewsGtPM/logo.png,false
Wrapped USDT (Allbridge from HECO),ahUSDT,GfzU1fLASNV3r4NtEyrnwTyTakJkYzoivnaL3Snh45oj,9,https://raw.githubusercontent.com/solana-labs/token-list/main/assets/mainnet/GfzU1fLASNV3r4NtEyrnwTyTakJkYzoivnaL3Snh45oj/logo.png,false
Solend,SLND,SLNDpmoWTVADgEdndyvWzroNL7zSi1dF9PC3xHGtPwp,6,https://raw.githubusercontent.com/solana-labs/token-list/main/assets/mainnet/SLNDpmoWTVADgEdndyvWzroNL7zSi1dF9PC3xHGtPwp/logo.png,false
Shibalana,SHIBA,Dhg9XnzJWzSQqH2aAnhPTEJHGQAkALDfD98MA499A7pa,9,https://raw.githubusercontent.com/solana-labs/token-list/main/assets/mainnet/Dhg9XnzJWzSQqH2aAnhPTEJHGQAkALDfD98MA499A7pa/logo.png,false
Marijuana Joint,MARIJUANA,DYbRXaQcnj44SH9woxvyFdtcKkSoPoCEshRTQDZSjsBm,9,https://raw.githubusercontent.com/solana-labs/token-list/main/assets/mainnet/DYbRXaQcnj44SH9woxvyFdtcKkSoPoCEshRTQDZSjsBm/logo.png,false
USD Coin (Portal from BSC),USDCbs,FCqfQSujuPxy6V42UvafBhsysWtEq1vhjfMN1PUbgaxA,8,https://raw.githubusercontent.com/solana-labs/token-list/main/assets/mainnet/FCqfQSujuPxy6V42UvafBhsysWtEq1vhjfMN1PUbgaxA/logo.png,false
Tether USD (Portal from BSC),USDTbs,8qJSyQprMC57TWKaYEmetUR3UUiTP2M3hXdcvFhkZdmv,8,https://raw.githubusercontent.com/solana-labs/token-list/main/assets/mainnet/8qJSyQprMC57TWKaYEmetUR3UUiTP2M3hXdcvFhkZdmv/logo.png,false
Pussy,PUSSY,BjTUmZjNUUAPKHVdTs8yZsCmecW5isSK4AbuFihXoUwa,9,https://raw.githubusercontent.com/solana-labs/token-list/main/assets/mainnet/BjTUmZjNUUAPKHVdTs8yZsCmecW5isSK4AbuFihXoUwa/logo.png,false
Bitch Of Solana,BITCH,AMNoi4727tzy7adu4wnx3cN2VQbQdG71DqaPoSm7isJ3,9,https://raw.githubusercontent.com/solana-labs/token-list/main/assets/mainnet/AMNoi4727tzy7adu4wnx3cN2VQbQdG71DqaPoSm7isJ3/logo.png,false
Doggy Style,DoggyStyle,3in9a9yHtdjDFRjDyGTTpGUwJpT9zZBcyjQ8J7nqqNtq,9,https://raw.githubusercontent.com/solana-labs/token-list/main/assets/mainnet/3in9a9yHtdjDFRjDyGTTpGUwJpT9zZBcyjQ8J7nqqNtq/logo.png,false
Particle,PART,AVKnbqNQgXDY8kbnno9eSGfwpVz5idimBnDKiz1vbWAh,9,https://raw.githubusercontent.com/solana-labs/token-list/main/assets/mainnet/AVKnbqNQgXDY8kbnno9eSGfwpVz5idimBnDKiz1vbWAh/logo.png,false
nom,NOM,7zhbkbKpGaUsJW7AD4yyAfGGoy53Xx2H3Ai5BKcwGKHw,0,https://raw.githubusercontent.com/solana-labs/token-list/main/assets/mainnet/7zhbkbKpGaUsJW7AD4yyAfGGoy53Xx2H3Ai5BKcwGKHw/logo.png,false
SHIBA INU (Portal),SHIB,CiKu4eHsVrc1eueVQeHn7qhXTcVu95gSQmBpX4utjL9z,8,https://raw.githubusercontent.com/solana-labs/token-list/main/assets/mainnet/CiKu4eHsVrc1eueVQeHn7qhXTcVu95gSQmBpX4utjL9z/logo.png,false
BUSD Token (Portal from BSC),BUSDbs,5RpUwQ8wtdPCZHhu6MERp2RGrpobsbZ6MH5dDHkUjs2,8,https://raw.githubusercontent.com/solana-labs/token-list/main/assets/mainnet/5RpUwQ8wtdPCZHhu6MERp2RGrpobsbZ6MH5dDHkUjs2/logo.png,false
Genopets,GENE,GENEtH5amGSi8kHAtQoezp1XEXwZJ8vcuePYnXdKrMYz,9,https://raw.githubusercontent.com/solana-labs/token-list/main/assets/mainnet/GENEtH5amGSi8kHAtQoezp1XEXwZJ8vcuePYnXdKrMYz/logo.png,false
Sonar Watch,SONAR,sonarX4VtVkQemriJeLm6CKeW3GDMyiBnnAEMw1MRAE,9,https://raw.githubusercontent.com/solana-labs/token-list/main/assets/mainnet/sonarX4VtVkQemriJeLm6CKeW3GDMyiBnnAEMw1MRAE/logo.png,false
Famous Fox Federation,FOXY,FoXyMu5xwXre7zEoSvzViRk3nGawHUp9kUh97y2NDhcq,0,https://raw.githubusercontent.com/solana-labs/token-list/main/assets/mainnet/FoXyMu5xwXre7zEoSvzViRk3nGawHUp9kUh97y2NDhcq/logo.png,false
Solabrador,SOLAB,GLmaRDRmYd4u3YLfnj9eq1mrwxa1YfSweZYYZXZLTRdK,9,https://raw.githubusercontent.com/solana-labs/token-list/main/assets/mainnet/GLmaRDRmYd4u3YLfnj9eq1mrwxa1YfSweZYYZXZLTRdK/solabradon250x250.png,false
Elumia Crowns,ELU,4tJZhSdGePuMEfZQ3h5LaHjTPsw1iWTRFTojnZcwsAU6,9,https://raw.githubusercontent.com/solana-labs/token-list/main/assets/mainnet/4tJZhSdGePuMEfZQ3h5LaHjTPsw1iWTRFTojnZcwsAU6/logo.png,false
Solana Condoms,CONDOMS,EzL6LLmv4vgfF7irkjG7ZxM92bTJ9f6nFopDXJTow7zj,9,https://raw.githubusercontent.com/solana-labs/token-list/main/assets/mainnet/EzL6LLmv4vgfF7irkjG7ZxM92bTJ9f6nFopDXJTow7zj/logo.png,false
Realy Token,REAL,AD27ov5fVU2XzwsbvnFvb1JpCBaCB5dRXrczV9CqSVGb,9,https://raw.githubusercontent.com/solana-labs/token-list/main/assets/mainnet/AD27ov5fVU2XzwsbvnFvb1JpCBaCB5dRXrczV9CqSVGb/logo.svg,false
Ween,WEENS,DmXfDUeyRJqnpvdjssGgUXwZrRFPXvu2DfMq4jfTTC9C,0,https://raw.githubusercontent.com/solana-labs/token-list/main/assets/mainnet/DmXfDUeyRJqnpvdjssGgUXwZrRFPXvu2DfMq4jfTTC9C/logo.png,false
Cashio Dollar,CASH,CASHVDm2wsJXfhj6VWxb7GiMdoLc17Du7paH4bNr5woT,6,https://raw.githubusercontent.com/solana-labs/token-list/main/assets/mainnet/CASHVDm2wsJXfhj6VWxb7GiMdoLc17Du7paH4bNr5woT/icon.png,false
edeXa Service Token,EDX,3Ysmnbdddpxv9xK8FUKXexdhRzEA4yrCz8WaE6Za5sjV,9,https://raw.githubusercontent.com/solana-labs/token-list/main/assets/mainnet/3Ysmnbdddpxv9xK8FUKXexdhRzEA4yrCz8WaE6Za5sjV/logo.svg,false
DeFi Land,DFL,DFL1zNkaGPWm1BqAVqRjCZvHmwTFrEaJtbzJWgseoNJh,9,https://raw.githubusercontent.com/solana-labs/token-list/main/assets/mainnet/DFL1zNkaGPWm1BqAVqRjCZvHmwTFrEaJtbzJWgseoNJh/logo.png,false
Saber Wrapped USD Coin (8 decimals),sUSDC-8,88881Hu2jGMfCs9tMu5Rr7Ah7WBNBuXqde4nR5ZmKYYy,8,https://raw.githubusercontent.com/solana-labs/token-list/main/assets/mainnet/88881Hu2jGMfCs9tMu5Rr7Ah7WBNBuXqde4nR5ZmKYYy/icon.png,false
Saber Wrapped Bitcoin (Sollet) (9 decimals),sBTC-9,9999j2A8sXUtHtDoQdk528oVzhaKBsXyRGZ67FKGoi7H,9,https://raw.githubusercontent.com/solana-labs/token-list/main/assets/mainnet/9999j2A8sXUtHtDoQdk528oVzhaKBsXyRGZ67FKGoi7H/icon.png,false
Saber Wrapped CASH (9 decimals),sCASH-9,C9xqJe3gMTUDKidZsZ6jJ7tL9zSLimDUKVpgUbLZnNbi,9,https://raw.githubusercontent.com/solana-labs/token-list/main/assets/mainnet/C9xqJe3gMTUDKidZsZ6jJ7tL9zSLimDUKVpgUbLZnNbi/icon.png,false
Saber Wrapped FTT (Portal) (9 decimals),swFTT-9,FTT9GrHBVHvDeUTgLU8FxVJouGqg9uiWGmmjETdm32Sx,9,https://raw.githubusercontent.com/solana-labs/token-list/main/assets/mainnet/FTT9GrHBVHvDeUTgLU8FxVJouGqg9uiWGmmjETdm32Sx/icon.png,false
Saber Wrapped USD Coin (9 decimals),sUSDC-9,JEFFSQ3s8T3wKsvp4tnRAsUBW7Cqgnf8ukBZC4C8XBm1,9,https://raw.githubusercontent.com/solana-labs/token-list/main/assets/mainnet/JEFFSQ3s8T3wKsvp4tnRAsUBW7Cqgnf8ukBZC4C8XBm1/icon.png,false
Saber Wrapped renLUNA (9 decimals),srenLUNA-9,KUANeD8EQvwpT1W7QZDtDqctLEh2FfSTy5pThE9CogT,9,https://raw.githubusercontent.com/solana-labs/token-list/main/assets/mainnet/KUANeD8EQvwpT1W7QZDtDqctLEh2FfSTy5pThE9CogT/icon.png,false
NANA,NANA,6uZ7MRGGf3FJhzk9TUk3QRMR2fz83WY9BEVBukRvMRVX,9,https://raw.githubusercontent.com/solana-labs/token-list/main/assets/mainnet/6uZ7MRGGf3FJhzk9TUk3QRMR2fz83WY9BEVBukRvMRVX/logo.png,false
xHashtag Token,XTAG,5gs8nf4wojB5EXgDUWNLwXpknzgV2YWDhveAeBZpVLbp,6,https://raw.githubusercontent.com/solana-labs/token-list/main/assets/mainnet/5gs8nf4wojB5EXgDUWNLwXpknzgV2YWDhveAeBZpVLbp/logo.png,false
Wrapped BTC (Allbridge from Fantom),afBTC,FdvkkCbCgYht1xTR1W9MBJhEF1JEPVhHtW1NXBYRzZts,9,https://raw.githubusercontent.com/solana-labs/token-list/main/assets/mainnet/qfnqNqs3nCAHjnyCgLRDbBtq4p2MtHZxw8YjSyYhPoL/logo.png,false
Wrapped ETH (Allbridge from Fantom),afETH,BiryxNvVTABRs3pEE4fvVuu4d17aAYEsNmcPnJ8E8WeT,9,https://raw.githubusercontent.com/solana-labs/token-list/main/assets/mainnet/FeGn77dhg1KXRRFeSwwMiykZnZPw5JXW6naf2aQgZDQf/logo.png,false
Wrapped USDC (Allbridge from Fantom),afUSDC,Grk6b4UMRWkgyq4Y6S1BnNRF4hRgtnMFp7Sorkv6Ez4u,9,https://raw.githubusercontent.com/solana-labs/token-list/main/assets/mainnet/BXXkv6z8ykpG1yuvUDPgh732wzVHB69RnB9YgSYh3itW/logo.png,false
Super Mario,MARIO,7rmV64vLfbrbS5rTFvojYWzCVEn8dnJ9RfSRx3nD6C5E,4,https://raw.githubusercontent.com/solana-labs/token-list/main/assets/mainnet/7rmV64vLfbrbS5rTFvojYWzCVEn8dnJ9RfSRx3nD6C5E/logo.png,false
GST,GST,AFbX8oGjGpmVFywbVouvhQSRmiW2aR1mohfahi4Y2AdB,9,https://raw.githubusercontent.com/solana-labs/token-list/main/assets/mainnet/AFbX8oGjGpmVFywbVouvhQSRmiW2aR1mohfahi4Y2AdB/logo.png,false
GMT,GMT,7i5KKsX2weiTkry7jA4ZwSuXGhs5eJBEjY8vVxR4pfRx,9,https://raw.githubusercontent.com/solana-labs/token-list/main/assets/mainnet/7i5KKsX2weiTkry7jA4ZwSuXGhs5eJBEjY8vVxR4pfRx/logo.png,false
Such Shiba,SUCH,HnZiKrSKYQkEfzjQs6qkvuGbBmrBP9YzjB1SMM7tiGZ1,9,https://raw.githubusercontent.com/solana-labs/token-list/main/assets/mainnet/HnZiKrSKYQkEfzjQs6qkvuGbBmrBP9YzjB1SMM7tiGZ1/logo.png,false
PIP,PIP,HHjoYwUp5aU6pnrvN4s2pwEErwXNZKhxKGYjRJMoBjLw,9,https://raw.githubusercontent.com/solana-labs/token-list/main/assets/mainnet/HHjoYwUp5aU6pnrvN4s2pwEErwXNZKhxKGYjRJMoBjLw/logo.svg,false
Pollen Coin,PCN,GWsZd8k85q2ie9SNycVSLeKkX7HLZfSsgx6Jdat9cjY1,9,https://raw.githubusercontent.com/solana-labs/token-list/main/assets/mainnet/GWsZd8k85q2ie9SNycVSLeKkX7HLZfSsgx6Jdat9cjY1/logo.svg,false
Blockasset,BLOCK,NFTUkR4u7wKxy9QLaX2TGvd9oZSWoMo4jqSJqdMb7Nk,6,https://arweave.net/gKXMDOCUjrOA_0H7EugvTbOOgfRRJ7N3hfZ1Y38PC5s?ext=png,true
FANITRADE,FANI,6c4L5nTH2sBKkfeuP3WhGp6Vq1tE4Suh4ezRp5KSu8Z7,9,https://raw.githubusercontent.com/solana-labs/token-list/main/assets/mainnet/6c4L5nTH2sBKkfeuP3WhGp6Vq1tE4Suh4ezRp5KSu8Z7/logo.svg,false
daoSOL Token,daoSOL,GEJpt3Wjmr628FqXxTgxMce1pLntcPV4uFi8ksxMyPQh,9,https://raw.githubusercontent.com/solana-labs/token-list/main/assets/mainnet/GEJpt3Wjmr628FqXxTgxMce1pLntcPV4uFi8ksxMyPQh/logo.png,false
Crowny token,CRWNY,CRWNYkqdgvhGGae9CKfNka58j6QQkaD5bLhKXvUYqnc1,6,https://raw.githubusercontent.com/solana-labs/token-list/main/assets/mainnet/CRWNYkqdgvhGGae9CKfNka58j6QQkaD5bLhKXvUYqnc1/logo.png,false
basis,BASIS,Basis9oJw9j8cw53oMV7iqsgo6ihi9ALw4QR31rcjUJa,6,https://raw.githubusercontent.com/solana-labs/token-list/main/assets/mainnet/Basis9oJw9j8cw53oMV7iqsgo6ihi9ALw4QR31rcjUJa/logo.png,false
Zion,Zion,A7rqejP8LKN8syXMr4tvcKjs2iJ4WtZjXNs1e6qP3m9g,9,https://raw.githubusercontent.com/LousyNFTs/token-list/main/assets/mainnet/A7rqejP8LKN8syXMr4tvcKjs2iJ4WtZjXNs1e6qP3m9g/Ziontoken_2_84.png,false
Shadow Token,SHDW,SHDWyBxihqiCj6YekG2GUr7wqKLeLAMK1gHZck9pL6y,9,https://shdw-drive.genesysgo.net/FDcC9gn12fFkSU2KuQYH4TUjihrZxiTodFRWNF4ns9Kt/250x250_with_padding.png,false
Castle Coin,CC,3KTkQJEMJXP741EJBFcAS34Lx9t8GsBYaW2BUUWkeyDH,9,https://raw.githubusercontent.com/solana-labs/token-list/main/assets/mainnet/3KTkQJEMJXP741EJBFcAS34Lx9t8GsBYaW2BUUWkeyDH/logo.png,false
BAIL COIN,BAIL,3e9pHUxa2nvAqso2Kr2KqJxYvZaz9qZLjoLaG77uQwB1,9,https://raw.githubusercontent.com/ApeLabsNFT/solpatrol/main/hammer.png,false
BRAWNDO,BRWNDO,At5j3zhbEj8mfFsSy1MPbjVhrX2uNmRMPEDZiyFcETNX,4,https://raw.githubusercontent.com/solana-labs/token-list/main/assets/mainnet/At5j3zhbEj8mfFsSy1MPbjVhrX2uNmRMPEDZiyFcETNX/logo.png,false
Mongoose,GOOSE,FmpqmVcT4hSUfNhach31YUpf6M75bBYaC59JLMyCVNHH,9,https://raw.githubusercontent.com/solana-labs/token-list/main/assets/mainnet/FmpqmVcT4hSUfNhach31YUpf6M75bBYaC59JLMyCVNHH/logo.png,false
Aleph.im (Portal),ALEPH,3UCMiSnkcnkPE1pgQ5ggPCBv6dXgVUy16TmMUe1WpG9x,8,https://raw.githubusercontent.com/solana-labs/token-list/main/assets/mainnet/3UCMiSnkcnkPE1pgQ5ggPCBv6dXgVUy16TmMUe1WpG9x/logo.png,false
BlazeStake Staked SOL (bSOL),bSOL,bSo13r4TkiE4KumL71LsHTPpL2euBYLFx6h9HP3piy1,9,https://raw.githubusercontent.com/solana-labs/token-list/main/assets/mainnet/bSo13r4TkiE4KumL71LsHTPpL2euBYLFx6h9HP3piy1/logo.png,false
LOOT,LOOT,GzpRsvnKXKz586kRLkjdppR4dUCFwHa2qaszKkPUQx6g,6,https://arttest12312321.s3.us-west-1.amazonaws.com/pics/Bag_Open+(3).png,false
SuperBonds Token,SB,SuperbZyz7TsSdSoFAZ6RYHfAWe9NmjXBLVQpS8hqdx,6,https://raw.githubusercontent.com/solana-labs/token-list/main/assets/mainnet/SuperbZyz7TsSdSoFAZ6RYHfAWe9NmjXBLVQpS8hqdx/logo.svg,false
ALL ART,AART,F3nefJBcejYbtdREjui1T9DPh5dBgpkKq7u2GAAMXs5B,6,https://raw.githubusercontent.com/allartprotocol/token-list/main/assets/mainnet/F3nefJBcejYbtdREjui1T9DPh5dBgpkKq7u2GAAMXs5B/logo.jpg,false
Boom Army,BMA,boomh1LQnwDnHtKxWTFgxcbdRjPypRSjdwxkAEJkFSH,9,https://raw.githubusercontent.com/solana-labs/token-list/main/assets/mainnet/boomh1LQnwDnHtKxWTFgxcbdRjPypRSjdwxkAEJkFSH/logo.svg,false
SolanyxToken,SYXT,94jMUy411XNUw1CnkFr2514fq6KRc49W3kAmrjJiuZLx,9,https://raw.githubusercontent.com/solana-labs/token-list/main/assets/mainnet/94jMUy411XNUw1CnkFr2514fq6KRc49W3kAmrjJiuZLx/logo.png,false
Mindfolk Wood,$WOOD,674PmuiDtgKx3uKuJ1B16f9m5L84eFvNwj3xDMvHcbo7,9,https://raw.githubusercontent.com/Alfred-builder/Alfred-builder/main/wood.png,false
DarleyGo Essence,DGE,AAXng5czWLNtTXHdWEn9Ef7kXMXEaraHj2JQKo7ZoLux,9,https://raw.githubusercontent.com/DarleyGo/token-list/main/assets/mainnet/AAXng5czWLNtTXHdWEn9Ef7kXMXEaraHj2JQKo7ZoLux/icon.png,false
Galaxy Essential,GXE,DsVPH4mAppxKrmdzcizGfPtLYEBAkQGK4eUch32wgaHY,9,https://raw.githubusercontent.com/DarleyGo/token-list/main/assets/mainnet/DsVPH4mAppxKrmdzcizGfPtLYEBAkQGK4eUch32wgaHY/icon.png,false
Fone,FONE,ATZERmcPfopS9vGqw9kxqRj9Bmdi3Z268nHXkGsMa3Pf,2,https://raw.githubusercontent.com/solana-labs/token-list/main/assets/mainnet/ATZERmcPfopS9vGqw9kxqRj9Bmdi3Z268nHXkGsMa3Pf/fonelogo.png,false
Nosana,NOS,nosXBVoaCTtYdLvKY6Csb4AC8JCdQKKAaWYtx2ZMoo7,6,https://raw.githubusercontent.com/solana-labs/token-list/main/assets/mainnet/nosXBVoaCTtYdLvKY6Csb4AC8JCdQKKAaWYtx2ZMoo7/logo.png,false
Artozo,ARTZ,A1KWZzcUrsX9MAsL8XtZkuS4RX6fjZazc7K5UoX42M3M,4,https://artozo.mypinata.cloud/ipfs/QmdBoJK2HTRc7B71Xo36VqEXpME7JeexZPJkF1tamdQTTy,false
Gari,GARI,CKaKtYvz6dKPyMvYq9Rh3UBrnNqYZAyd7iF4hJtjUvks,9,https://raw.githubusercontent.com/solana-labs/token-list/main/assets/mainnet/CKaKtYvz6dKPyMvYq9Rh3UBrnNqYZAyd7iF4hJtjUvks/logo.png,false
Bancambios AX,BXS,pH5wWJc3KhdeVQSt86DU31pdcL9c8P88x2FQoKEJVHC,9,https://raw.githubusercontent.com/solana-labs/token-list/main/assets/mainnet/pH5wWJc3KhdeVQSt86DU31pdcL9c8P88x2FQoKEJVHC/logo.jpg,false
b4c meme coin,B4C,CkD9GDPqME11zrFt7Lk51jdQSuPmP1nRULUWbBYj2Ngq,6,https://raw.githubusercontent.com/solana-labs/token-list/main/assets/mainnet/CkD9GDPqME11zrFt7Lk51jdQSuPmP1nRULUWbBYj2Ngq/logo.png,false
Saber Wrapped Cashio Dollar (8 decimals),sCASH-8,CASHedBw9NfhsLBXq1WNVfueVznx255j8LLTScto3S6s,8,https://raw.githubusercontent.com/solana-labs/token-list/main/assets/mainnet/CASHedBw9NfhsLBXq1WNVfueVznx255j8LLTScto3S6s/icon.png,false
Saber Wrapped agEUR (Portal) (9 decimals),sagEUR-9,EU9aLffrTckFCs16da6CppHy63fAxMPF9ih1erQTuuRt,9,https://raw.githubusercontent.com/solana-labs/token-list/main/assets/mainnet/EU9aLffrTckFCs16da6CppHy63fAxMPF9ih1erQTuuRt/icon.png,false
CELO (Allbridge from Celo),CELO,GNCjk3FmPPgZTkbQRSxr6nCvLtYMbXKMnRxg8BgJs62e,9,https://raw.githubusercontent.com/solana-labs/token-list/main/assets/mainnet/GNCjk3FmPPgZTkbQRSxr6nCvLtYMbXKMnRxg8BgJs62e/logo.png,false
FTM (Allbridge from Fantom),FTM,EsPKhGTMf3bGoy4Qm7pCv3UCcWqAmbC1UGHBTDxRjjD4,9,https://raw.githubusercontent.com/solana-labs/token-list/main/assets/mainnet/EsPKhGTMf3bGoy4Qm7pCv3UCcWqAmbC1UGHBTDxRjjD4/logo.png,false
Space Falcon,FCON,HovGjrBGTfna4dvg6exkMxXuexB3tUfEZKcut8AWowXj,4,https://raw.githubusercontent.com/spacefalcon-io/crypto/main/logo.svg,false
Basic Tokens,BASIC,76DThuyLHagfkm2ssYw6Lv7k3MYHx6tXcwPBLU9tXm4D,9,https://raw.githubusercontent.com/solana-labs/token-list/main/assets/mainnet/76DThuyLHagfkm2ssYw6Lv7k3MYHx6tXcwPBLU9tXm4D/logo.png,false
gmornn,GMORNN,DiWunPY8GfsFthdDAwiRRtCgKCB5AEcFx9edDpxZoTyo,9,https://raw.githubusercontent.com/solana-labs/token-list/main/assets/mainnet/DiWunPY8GfsFthdDAwiRRtCgKCB5AEcFx9edDpxZoTyo/logo.png,false
Hubble Protocol Token,HBB,HBB111SCo9jkCejsZfz8Ec8nH7T6THF8KEKSnvwT6XK6,6,https://raw.githubusercontent.com/solana-labs/token-list/main/assets/mainnet/HBB111SCo9jkCejsZfz8Ec8nH7T6THF8KEKSnvwT6XK6/logo.svg,false
crypt,ENC,F2CcdH4uXVL6vwutkFMtHWFaj87dYSh9WMWNqzsMmTUG,9,https://raw.githubusercontent.com/encryptedsolana/crypt/main/logo.png,false
USDH Hubble Stablecoin,USDH,USDH1SM1ojwWUga67PGrgFWUHibbjqMvuMaDkRJTgkX,6,https://raw.githubusercontent.com/solana-labs/token-list/main/assets/mainnet/USDH1SM1ojwWUga67PGrgFWUHibbjqMvuMaDkRJTgkX/usdh.svg,false
BIT Token,BIT,EGiWZhNk3vUNJr35MbL2tY5YD6D81VVZghR2LgEFyXZh,9,https://raw.githubusercontent.com/solana-labs/token-list/main/assets/mainnet/Gtj6NZHgMZ7QHg8PDN6izEn4GjVoX8yFLv4ESNKsWb62/BT-logo.png,false
DUST Protocol,DUST,DUSTawucrTsGU8hcqRdHDCbuYhCPADMLM2VcCb8VnFnQ,9,https://raw.githubusercontent.com/solana-labs/token-list/main/assets/mainnet/DUSTawucrTsGU8hcqRdHDCbuYhCPADMLM2VcCb8VnFnQ/logo.jpg,false
BUGS,BUGS,H1QvHLhmk4rL36FBphnFUaQszf6RHGU8RLptPSuPcQwX,9,https://raw.githubusercontent.com/solana-labs/token-list/main/assets/mainnet/H1QvHLhmk4rL36FBphnFUaQszf6RHGU8RLptPSuPcQwX/logo.png,false
Memoria,ORIA,5XiE2JApnDwGc24PSY7y7stD4JxStkYPAH5tFVKAcrow,2,https://raw.githubusercontent.com/solana-labs/token-list/main/assets/mainnet/5XiE2JApnDwGc24PSY7y7stD4JxStkYPAH5tFVKAcrow/Logo.png,false
VANGUARD,GUARD,CBV12y1pehFbhdnDpUfgPe88SbUZ5G2s1kLA449Yu3Ad,6,https://raw.githubusercontent.com/solana-labs/token-list/main/assets/mainnet/CBV12y1pehFbhdnDpUfgPe88SbUZ5G2s1kLA449Yu3Ad/logo.png,false
PEEL,PEEL,GVsdtSe3E2fQoP3TzNT2M1VUchJ7sBmDBuvBZmGDGvmB,9,https://raw.githubusercontent.com/solana-labs/token-list/main/assets/mainnet/GVsdtSe3E2fQoP3TzNT2M1VUchJ7sBmDBuvBZmGDGvmB/logo.png,false
Clan Token,CLAN,68RRPuZQrrw3whXHm9LSyC4y8iLrjkTm5Brc2tUMLNPw,9,https://raw.githubusercontent.com/SolPatrol/SolPatrol/main/%24CLAN_Token.png,false
ROBO Coin,$ROBO,8ZepSXp47WFyDK21QbvMiiKVWRHnGrAegiwDr71PfGi3,9,https://raw.githubusercontent.com/CMHayden/crypto/master/robocoin.png,false
RICE,RICE,5yw793FZPCaPcuUN4F61VJh2ehsFX87zvHbCA4oRebfn,2,https://raw.githubusercontent.com/kakasonz112/robocock-token/main/assets/logo.png,false
Yokoito Crew Hone,HONE,hone3CJTYjczb5nJh45KCNMkjrKMt7SCnHkWGWsVfVu,0,https://raw.githubusercontent.com/solana-labs/token-list/main/assets/mainnet/hone3CJTYjczb5nJh45KCNMkjrKMt7SCnHkWGWsVfVu/logo.png,false
Chimp,CHIMP,B8wCsjSv3TDZcaLuhPZNDvpk2vuBtRgpgmTuvoDAJZZ7,9,https://raw.githubusercontent.com/tsbsoltn/soltn/main/chimp/logo.png,false
SchimmelPeter Monster,SPM,GpQLC7KnNgAvEpamfWi1AWFdXECZ1eQetvFYTuETLZC7,9,https://www.schimmelpeter.de/spm_solana.png,false
Hendrix Token,HENDX,2Tp4hCJ24aRnsLShz9U96VtTSDHuaKL7eD7vj8Stvxhn,6,https://github.com/thejoshuahendrix/hennyscript/blob/main/IMG_20180803_100044.jpg?raw=true,false
Code,CODE,Code7hV6DaK5Werof8c7vPwBxLvhmEWVUbU2AfhBZArB,6,https://raw.githubusercontent.com/solana-labs/token-list/main/assets/mainnet/Code7hV6DaK5Werof8c7vPwBxLvhmEWVUbU2AfhBZArB/logo.png,false
FAC FUD Token,FAC,H3pWoh5Te12nHYVSQm1vQC6aAn2EbADj8zit23jP2jX3,9,https://raw.githubusercontent.com/MundoFacu/stuff/038660d9336d647a9d4ede0e3107de9c9481724d/FAC_logo.png,false
DeltaFi Token,DELFI,de1QJkP1qDCk5JYCCXCeq27bQQUdCaiv7xVKFrhPSzF,6,https://raw.githubusercontent.com/solana-labs/token-list/main/assets/mainnet/de1QJkP1qDCk5JYCCXCeq27bQQUdCaiv7xVKFrhPSzF/logo.png,false
BLEEP,BLEEP,GmY2Rp9t5S4yD5jhgJrc47VSAa6hQiikkYi3sr9HLNZr,4,https://gateway.pinata.cloud/ipfs/QmYjaWwcDx8gaf5rnkzGYLy8qhjjvuuvQXK8RttvXFWUWd?preview=1,false
DREAM TOKEN,DREAM,HuMShjViKhcfihmHkgvctcFAyeyxAk8hK5K58zWpuRKf,9,https://raw.githubusercontent.com/solana-labs/token-list/main/assets/mainnet/HuMShjViKhcfihmHkgvctcFAyeyxAk8hK5K58zWpuRKf/logo.png,false
CRAFT COIN,CRAFT,EeLpRX4pgS4zPTQQfoHqqhBvoLzL83wPExmQoG5e1hnb,9,https://raw.githubusercontent.com/SolPatrol/SolPatrol/main/craft-token.png,false
Good Vibes,GV,7TQTpG1qBvE9ui7J9yQWKFAYpQahkaKPKqGTsqSm1wUv,9,https://raw.githubusercontent.com/solana-labs/token-list/main/assets/mainnet/7TQTpG1qBvE9ui7J9yQWKFAYpQahkaKPKqGTsqSm1wUv/logo.png,false
CRECK,$CRECK,Ao94rg8D6oK2TAq3nm8YEQxfS73vZ2GWYw2AKaUihDEY,9,https://raw.githubusercontent.com/solana-labs/token-list/main/assets/mainnet/Ao94rg8D6oK2TAq3nm8YEQxfS73vZ2GWYw2AKaUihDEY/logo.png,false
BOUNCER,BNCE,4NJ1L4LHSbJpk4h4rHQnJNKZbRSYticS8sQVPbGHsj33,9,https://raw.githubusercontent.com/solana-labs/token-list/main/assets/mainnet/4NJ1L4LHSbJpk4h4rHQnJNKZbRSYticS8sQVPbGHsj33/logo.png,false
Wrapped BTC (Player 2),wrBTC,wrBTCqVjkpqktbqN3CeGVSzQ9PFiPonHN98uwEpwMsy,6,https://raw.githubusercontent.com/solana-labs/token-list/main/assets/mainnet/wrBTCqVjkpqktbqN3CeGVSzQ9PFiPonHN98uwEpwMsy/logo_wrBTC.png,false
TownCoin,TOCO,7FntsntzGjK9PzPBbHLDJAFcKQVU14d2SbQZhgMUf2KA,2,https://raw.githubusercontent.com/solana-labs/token-list/main/assets/mainnet/7FntsntzGjK9PzPBbHLDJAFcKQVU14d2SbQZhgMUf2KA/logo.png,false
Jelly,JELLY,9WMwGcY6TcbSfy9XPpQymY3qNEsvEaYL3wivdwPG2fpp,6,https://raw.githubusercontent.com/solana-labs/token-list/main/assets/mainnet/9WMwGcY6TcbSfy9XPpQymY3qNEsvEaYL3wivdwPG2fpp/logo.png,false
Gear Token,GEAR,7s6NLX42eURZfpyuKkVLrr9ED9hJE8718cyXFsYKqq5g,9,https://github.com/ArthurPaivaT/token-list/blob/main/assets/mainnet/7s6NLX42eURZfpyuKkVLrr9ED9hJE8718cyXFsYKqq5g/logo.png?raw=true,false
FamilySOL,FamSOL,3rH1toffQAELHo5vyRKdwEFxhPTZA7ocfRdJK2c8txoJ,9,https://raw.githubusercontent.com/solodevo/FamilySOL/main/LOGOFamilySOL.png,false
DRACULA GAME BLOOD,BLOOD,BLAAD2QLUgRSbQ9AB9jqAoHh55cGVcSBaCH9JGBh2zDX,0,https://raw.githubusercontent.com/solana-labs/token-list/main/assets/mainnet/BLAAD2QLUgRSbQ9AB9jqAoHh55cGVcSBaCH9JGBh2zDX/logo.png,false
Agave Zwolf,AGVZ,CRSzWoeyfR8sJxB2d6LLEre92Uc59TCPX2gZidp4t3eE,9,https://raw.githubusercontent.com/GrupoZwolf/cryptozw/main/logo.png,false
NEAR (Allbridge from Near),NEAR,BYPsjxa3YuZESQz1dKuBw1QSFCSpecsm8nCQhY5xbU1Z,9,https://raw.githubusercontent.com/solana-labs/token-list/main/assets/mainnet/BYPsjxa3YuZESQz1dKuBw1QSFCSpecsm8nCQhY5xbU1Z/logo.png,false
Acacia,ACA,8BLiujyxu5gJajWBXoZQkwSsamdeHNKWQbu1ApAao8Ps,6,https://raw.githubusercontent.com/qubelabsllc/ACALogo/main/logo.png,false
Trit,TRIT,48FCZmKZw3iJcvuAMMShWRSimJ9DN2BBN4exgRpTp5WG,6,https://raw.githubusercontent.com/solana-labs/token-list/main/assets/mainnet/48FCZmKZw3iJcvuAMMShWRSimJ9DN2BBN4exgRpTp5WG/logo.png,false
TOKAMAK ON SOLANA,TKMK,TKMKgSh3aADsmjr4yFWG52tkCQvmDxsQC1he1aBsi65,9,https://raw.githubusercontent.com/solana-labs/token-list/main/assets/mainnet/TKMKgSh3aADsmjr4yFWG52tkCQvmDxsQC1he1aBsi65/logo.png,false
NOVAX,NOVAX,NovNrxPNjmLVFscH5rjMbec7C4BdAHms9WK21xjsP3p,9,https://raw.githubusercontent.com/solana-labs/token-list/main/assets/mainnet/NovNrxPNjmLVFscH5rjMbec7C4BdAHms9WK21xjsP3p/clogo.png,false
WOOP,WOOP,A3HyGZqe451CBesNqieNPfJ4A9Mu332ui8ni6dobVSLB,5,https://raw.githubusercontent.com/solana-labs/token-list/main/assets/mainnet/A3HyGZqe451CBesNqieNPfJ4A9Mu332ui8ni6dobVSLB/logo.png,false
REAP,REAP,2Dm1zu8ERJGBs3NLXt8s8Vor3YHwJye5E2pYhLiMHU4L,9,https://raw.githubusercontent.com/solana-labs/token-list/main/assets/mainnet/2Dm1zu8ERJGBs3NLXt8s8Vor3YHwJye5E2pYhLiMHU4L/logo.png,false
Ratio stable Token,USDr,USDrbBQwQbQ2oWHUPfA8QBHcyVxKUq1xHyXsSLKdUq2,6,https://raw.githubusercontent.com/solana-labs/token-list/main/assets/mainnet/USDrbBQwQbQ2oWHUPfA8QBHcyVxKUq1xHyXsSLKdUq2/logo.png,false
IDOLZ Token,IDOLZ,idoLztG5ZGMVEjjoQWjeSu2eVkVsp3YnrFZKf7dNi4j,9,https://arweave.net/mdvmPYEgiX_uPGRtiIZA3HrpilDK5JfW2bXkDBRuzVM?ext=png,false
SPRAY,SPRAY,SPraYi59a21jEhqvPBbWuwmjA4vdTaSLbiRTefcHJSR,4,https://raw.githubusercontent.com/solana-labs/token-list/main/assets/mainnet/SPraYi59a21jEhqvPBbWuwmjA4vdTaSLbiRTefcHJSR/icon.png,false
ANA,ANA,ANAxByE6G2WjFp7A4NqtWYXb3mgruyzZYg3spfxe6Lbo,6,https://raw.githubusercontent.com/solana-labs/token-list/main/assets/mainnet/ANAxByE6G2WjFp7A4NqtWYXb3mgruyzZYg3spfxe6Lbo/logo.png,false
Cartoon Cartel Token,CARTEL,DfgYfvfW8cWumofEgRZsAYHhZVDgQbu9z8sGwcKahSho,9,https://raw.githubusercontent.com/ArthurPaivaT/token-list/main/assets/mainnet/DfgYfvfW8cWumofEgRZsAYHhZVDgQbu9z8sGwcKahSho/logo.png,false
Arenum,ARNM,3Dy8KFyvpUJ8nfRCbvk4HLWjNRRzxiVhTeE9PQF9RARD,6,https://raw.githubusercontent.com/solana-labs/token-list/main/assets/mainnet/3Dy8KFyvpUJ8nfRCbvk4HLWjNRRzxiVhTeE9PQF9RARD/logo.png,false
UMF,UMF,CZY2dDTb86ARthiLP47hpmEgX1h82XCEr51XWQ5GsZoj,6,https://raw.githubusercontent.com/solana-labs/token-list/main/assets/mainnet/CZY2dDTb86ARthiLP47hpmEgX1h82XCEr51XWQ5GsZoj/logo.png,false
UNIVERSAL REPVBLIK TOKEN,UREP,4id3Lrw5BJruX7VQ3iRbmpnt8JHYKEkFd47j9NFgirFp,9,https://raw.githubusercontent.com/solana-labs/token-list/main/assets/mainnet/4id3Lrw5BJruX7VQ3iRbmpnt8JHYKEkFd47j9NFgirFp/logo.png,false
Rain Token,RAIN,rainH85N1vCoerCi4cQ3w6mCf7oYUdrsTFtFzpaRwjL,5,https://raw.githubusercontent.com/solana-labs/token-list/main/assets/mainnet/rainH85N1vCoerCi4cQ3w6mCf7oYUdrsTFtFzpaRwjL/logo.png,false
Trezarcoin,sTZC,ETbxzGvuzVrCxVN7cNoT6QBEYwFLBwMUwSYX6pUdHyep,6,https://trezarcoin.com/wp-content/uploads/2018/02/TZC-1000x.png,false
Lifinity,LFNTY,LFNTYraetVioAPnGJht4yNg2aUZFXR776cMeN9VMjXp,6,https://raw.githubusercontent.com/solana-labs/token-list/main/assets/mainnet/LFNTYraetVioAPnGJht4yNg2aUZFXR776cMeN9VMjXp/logo.svg,false
xLifinity,xLFNTY,xLfNTYy76B8Tiix3hA51Jyvc1kMSFV4sPdR7szTZsRu,6,https://raw.githubusercontent.com/solana-labs/token-list/main/assets/mainnet/xLfNTYy76B8Tiix3hA51Jyvc1kMSFV4sPdR7szTZsRu/logo.svg,false
FLWRS Token,FLWRS,CUvVMqXAcyFJnwMhojQ9jmGuWrijGt26HfY7b99dyBeB,6,https://raw.githubusercontent.com/pablolefleur/flwrsimage/main/flwrs%20logo.png,false
Dark Protocol,DARK,FmQ7v2QUqXVVtAXkngBh3Mwx7s3mKT55nQ5Z673dURYS,9,https://www.arweave.net/3VPYgJz-wlRAm1H5_4zrsAckyz55qa5ILyk3Uq6l4Ms?ext=png,false
Equinox,ENX,87rSGrpYdmTxfNBf8o2cpyiNcxCmNhUPBXjT8aoyfob5,9,https://ixrjpmbgkspkjaueqzmyhb3fbca5atffgsrqyt527d2x3ycdlgqq.arweave.net/ReKXsCZUnqSChIZZg4dlCIHQTKU0owxPuvj1feBDWaE,false
Starbots GEAR,GEAR,23WuycvPjEuzJTsBPBZqnbFZFcBtBKAMTowUDHwagkuD,0,https://raw.githubusercontent.com/solana-labs/token-list/main/assets/mainnet/23WuycvPjEuzJTsBPBZqnbFZFcBtBKAMTowUDHwagkuD/logo.png,false
HALO,HALO,Do5AbqdEbj742B2Cm8BypAGg3h1skLaAVTbT2mLRcW8c,9,https://raw.githubusercontent.com/farhan067/HaloTokenLogo/main/logo.png,false
Hedge Token,HDG,5PmpMzWjraf3kSsGEKtqdUsCoLhptg4yriZ17LKKdBBy,9,https://raw.githubusercontent.com/solana-labs/token-list/main/assets/mainnet/5PmpMzWjraf3kSsGEKtqdUsCoLhptg4yriZ17LKKdBBy/logo.png,false
KALISTEN - Train To Earn,KS,3swraHsc77KMg1tFvwH3tfYcd8SWr5fcUhtmRxjavG7H,9,https://kalisten.app/wp-content/uploads/2022/05/kalisten_token.png,false
Trenbolone,TREN,TRENpVRAR9LiZgyYv9zWrQwYqSHa7ThCYdbpFCJixj1,9,https://raw.githubusercontent.com/solana-labs/token-list/main/assets/mainnet/TRENpVRAR9LiZgyYv9zWrQwYqSHa7ThCYdbpFCJixj1/logo.png,false
Aera Token,AERA,BjZ5Hazjyp9LrzfapAHYZuceWm6zJZDqMH1QPCWtsouq,9,https://raw.githubusercontent.com/solana-labs/token-list/main/assets/mainnet/BjZ5Hazjyp9LrzfapAHYZuceWm6zJZDqMH1QPCWtsouq/logo.png,false
Random Pawnshop Gnomies,rPWNG,EmvtEzATa3n766yxojGZJmpSzkTxsCdDSX2zgRMZEoaQ,9,https://raw.githubusercontent.com/solana-labs/token-list/main/assets/mainnet/EmvtEzATa3n766yxojGZJmpSzkTxsCdDSX2zgRMZEoaQ/rPWNG.png,false
Random Solpunks,rPUNK,4PhPtyBhmMYBLjiJPr3wef2syoMSJYn5WcNgXxvmG3NZ,9,https://raw.githubusercontent.com/solana-labs/token-list/main/assets/mainnet/4PJ8yD2hPXVGxnYcmjBoDyDHKAMEAKjGgAfvEqmZUaAw/logo.png,false
WOB Token,WOB,DGXtHxKMFhb82RsqihyEHksgWWe3DXBXEvKjz24JruAP,9,https://raw.githubusercontent.com/tradefortendies/tokens/master/wobtoken-small.gif,false
NECTAR2 Token,NECTAR2,7vVRYg24HvVmgxV4neAog66GjW6aCUwnArvjDn6bgrX5,9,https://raw.githubusercontent.com/agave-com/nectar-token/main/logo-sq.png,false
Okay Bears Solvent Droplet,svtOKAY,AG5j4hhrd1ReYi7d1JsZL8ZpcoHdjXvc8sdpWF74RaQh,8,https://raw.githubusercontent.com/solana-labs/token-list/main/assets/mainnet/AG5j4hhrd1ReYi7d1JsZL8ZpcoHdjXvc8sdpWF74RaQh/logo.png,false
Solana Monkey Business Solvent Droplet,svtSMB,Ca5eaXbfQQ6gjZ5zPVfybtDpqWndNdACtKVtxxNHsgcz,8,https://raw.githubusercontent.com/solana-labs/token-list/main/assets/mainnet/Ca5eaXbfQQ6gjZ5zPVfybtDpqWndNdACtKVtxxNHsgcz/logo.png,false
DeGods Solvent Droplet,svtDGOD,DCgRa2RR7fCsD63M3NgHnoQedMtwH1jJCwZYXQqk9x3v,8,https://raw.githubusercontent.com/solana-labs/token-list/main/assets/mainnet/DCgRa2RR7fCsD63M3NgHnoQedMtwH1jJCwZYXQqk9x3v/logo.png,false
Degenerate Ape Academy Solvent Droplet,svtDAPE,6F5A4ZAtQfhvi3ZxNex9E1UN5TK7VM2enDCYG1sx1AXT,8,https://raw.githubusercontent.com/solana-labs/token-list/main/assets/mainnet/6F5A4ZAtQfhvi3ZxNex9E1UN5TK7VM2enDCYG1sx1AXT/logo.png,false
Balloonsville Solvent Droplet,svtBV,CT1iZ7MJzm8Riy6MTgVht2PowGetEWrnq1SfmUjKvz8c,8,https://raw.githubusercontent.com/solana-labs/token-list/main/assets/mainnet/CT1iZ7MJzm8Riy6MTgVht2PowGetEWrnq1SfmUjKvz8c/logo.png,false
Staked Step,xSTEP,xStpgUCss9piqeFUk2iLVcvJEGhAdJxJQuwLkXP555G,9,https://raw.githubusercontent.com/solana-labs/token-list/main/assets/mainnet/xStpgUCss9piqeFUk2iLVcvJEGhAdJxJQuwLkXP555G/logo.svg,false
Soldex,SOLX,CH74tuRLTYcxG7qNJCsV9rghfLXJCQJbsu7i52a8F1Gn,9,https://raw.githubusercontent.com/solana-labs/token-list/main/assets/mainnet/CH74tuRLTYcxG7qNJCsV9rghfLXJCQJbsu7i52a8F1Gn/logo.png,false
QuietFire,QF,76ijxiMkj4DX8q9QMtqpzTxFnT4KPmWv47sZf2kKoVwk,9,https://raw.githubusercontent.com/solana-labs/token-list/main/assets/mainnet/76ijxiMkj4DX8q9QMtqpzTxFnT4KPmWv47sZf2kKoVwk/logo.png,false
Camp Coin,CMP,FnVPD3fRutXcibEHDYP1gv8kuYJx2SNCi2EizcAsR4wN,9,https://raw.githubusercontent.com/solana-labs/token-list/main/assets/mainnet/FnVPD3fRutXcibEHDYP1gv8kuYJx2SNCi2EizcAsR4wN/logo.png,false
Skullbots,SUMMON,skuLLY6NHFrjL3oGpWMrrwjCfWMSvwp6AD7resMF9m7,0,https://raw.githubusercontent.com/Neurologist/assets/main/summon.png,false
Synthetic USD (Fabric),fUSD,B7mXkkZgn7abwz1A3HnKkb18Y6y18WcbeSkh1DuLMkee,8,https://imagedelivery.net/9NaZ0y3QBjls8_Ib2N2gQw/ec3521b6-b382-4efb-1d16-7b60c75b9100/public,false
Famous Fox Federation Solvent Droplet,svtFFF,BoeDfSFRyaeuaLP97dhxkHnsn7hhhes3w3X8GgQj5obK,8,https://raw.githubusercontent.com/solana-labs/token-list/main/assets/mainnet/BoeDfSFRyaeuaLP97dhxkHnsn7hhhes3w3X8GgQj5obK/logo.png,false
Synatra Staked SOL,ySOL,yso11zxLbHA3wBJ9HAtVu6wnesqz9A2qxnhxanasZ4N,9,https://shdw-drive.genesysgo.net/76HCWYyF9Sps1TnRdZB1CtHbj5Ji7trzqi4tnxfCabXE/ysol-logo.png,true
Jito Staked SOL,JitoSOL,J1toso1uCk3RLmjorhTtrVwY9HJ7X8V9yYac6Y7kGCPn,9,https://storage.googleapis.com/token-metadata/JitoSOL-256.png,true
Bonk,Bonk,DezXAZ8z7PnrnRJjz3wXBoRgixCa6xjnB7YaB1pPB263,5,https://arweave.net/hQiPZOsRZXGXBJd_82PhVdlM_hACsT_q6wqwf5cSY7I?ext=png,true
KIN,KIN,kinXdEcpDQeHPEuQnqmUgtYykqKGVFq6CeVX5iAHJq6,5,https://i.imgur.com/do6LTig.jpeg,true
Fronk,FRONK,5yxNbU8DgYJZNi3mPD9rs4XLh9ckXrhPjJ5VCujUWg5H,5,https://shdw-drive.genesysgo.net/8tfWzweVe7MAfi8qwiKFnzLq6wuLT7WAPMoQC7DH47Fq/fronk.gif,true
Hades,HADES,BWXrrYFhT7bMHmNBFoQFWdsSgA3yXoAnMhDK6Fn1eSEn,9,https://arweave.net/dvKu5BgpSo6j-iGzQOyVXYZ8OU7iyfhHNpkkJ_8qkkQ,true
Laine Stake,laineSOL,LAinEtNLgpmCP9Rvsf5Hn8W6EhNiKLZQti1xfWMLy6X,9,https://shdw-drive.genesysgo.net/4DUkKJB966oMk8zq57KkAUxqg9HpuWtZ3BKobhmYph39/laineSOL.webp,true
Pepe,PEPE,F9CpWoyeBJfoRB8f2pBe2ZNPbPsEE76mWZWme3StsvHK,6,https://shdw-drive.genesysgo.net/8XiSN28HJqb9czfsBYXsTkLtf4wgAupLpozEaUyA419K/pepecoin.png,true
SHIBONK,SBONK,H1G6sZ1WDoMmMCFqBKAbg9gkQPCo1sKQtaJWz9dHmqZr,9,https://raw.githubusercontent.com/Sperlo64/SHIBONK/main/bonklogo2.png,true
HONEY,HONEY,4vMsoUT2BWatFweudnQM1xedRLfJgJ7hswhcpz4xgBTy,9,https://hivemapper-marketing-public.s3.us-west-2.amazonaws.com/Hivemapper_HONEY_token.png,true
Epics Token,EPCT,CvB1ztJvpYQPvdPBePtRzjL4aQidjydtUz61NWgcgQtP,6,https://bafybeibal7k2hz6frznyjbl4qcnzcwlsuzxmquatrsaly6ttmuppgmdvwe.ipfs.dweb.link/EpicsCoin.png,true
Wrapped BTC (Portal),WBTC,3NZ9JMVBmGAqocybic2c7LQCJScmgsAZ6vQqTDzcqmJh,8,https://raw.githubusercontent.com/solana-labs/token-list/main/assets/mainnet/3NZ9JMVBmGAqocybic2c7LQCJScmgsAZ6vQqTDzcqmJh/logo.png,true
Graphite,GP,31k88G5Mq7ptbRDf3AM13HAq6wRQHXHikR8hik7wPygk,9,https://arweave.net/ALLzymnuIihFPhoNUJpPxQzbGI8LodXKhNzXzbRMPbA,true
Moon Roll Coin,MRC,5HsZR8eG7QpQcN8Mnp8oFdENRkJMP9ZkcKhPSCKTJSWh,9,https://moonroll-bucket.s3.amazonaws.com/token-image/Frame.png,true
Helium Network Token,HNT,hntyVP6YFm1Hg25TN9WGLqM12b8TQmcknKrdu1oxWux,8,https://shdw-drive.genesysgo.net/CsDkETHRRR1EcueeN346MJoqzymkkr7RFjMqGpZMzAib/hnt.png,true
Helium Mobile,MOBILE,mb1eu7TzEc71KxDpsmsKoucSSuuoGLv1drys1oP2jh6,6,https://shdw-drive.genesysgo.net/CsDkETHRRR1EcueeN346MJoqzymkkr7RFjMqGpZMzAib/mobile.png,true
Helium IOT,IOT,iotEVVZLEywoTn1QdwNPddxPWszn3zFhEot3MfL9fns,6,https://shdw-drive.genesysgo.net/CsDkETHRRR1EcueeN346MJoqzymkkr7RFjMqGpZMzAib/iot.png,true
International Stable Currency,ISC,J9BcrQfX4p9D1bvLzRNCbMDv8f44a9LFdeqNE4Yk2WMD,6,https://raw.githubusercontent.com/theISCTeam/isc_meta/master/logo.png,true
Guacamole,GUAC,AZsHEMXd36Bj1EMNXhowJajpUXzrKcK57wW4ZGXVa7yR,5,https://bafkreiajgw65o4ryczf7cadb43rzptvb62z4msoqr3c4625hdbdbntcydq.ipfs.nftstorage.link,true
Solcasino Token,SCS,SCSuPPNUSypLBsV4darsrYNg4ANPgaGhKhsA3GmMyjz,5,https://files.solcasino.io/logo.png,true
Sunrise gSOL,GSOL,gso1xA56hacfgTHTF4F7wN5r4jbnJsKh99vR595uybA,9,https://arweave.net/46QNhUyat533ptVC2myiNVb5BvSP7PAFzM5ILCZTrGU,true
Access Protocol,ACS,5MAYDfq5yxtudAhtfyuMBuHZjgAbaS9tbEyEQYAhDS5y,6,https://ap-staging.fra1.digitaloceanspaces.com/1663691449945,true
BonkEarn,BERN,CKfatsPMUf8SkiURsDXs7eK6GWb4Jsd6UDbs7twMCWxo,5,https://i.imgur.com/nd9AVZ4.jpeg,true
REJECT Token,REJECT,4F2yutcbkabE5MJoDvrDLa5U2re5HPABSCVKA7vqrKcH,2,https://arweave.net/ijxRvhTwJRWTanYUI-j2DwPzOkpqRbB3y-qSuuvQqhQ,true
CROWN Token,CROWN,GDfnEsia2WLAW5t8yx2X5j2mkfA74i5kwGdDuZHt7XmG,9,https://shdw-drive.genesysgo.net/AwJ6W2rRaYCGXimceFuLm5td14fhN1VFEfSYg566RxMD/image.png,true
Threshold Bitcoin,tBTC,6DNSN2BJsaPFdFFc1zP37kkeNe4Usc1Sqkzr9C9vPWcU,8,https://bafybeidlxvypapcw2gbs7f2mazbub75kiphz4fgrmljgdjoiswmx32zkri.ipfs.dweb.link/,true
Blaze,BLZE,BLZEEuZUBVqFhj8adcCFPJvPVCiCyVmh3hkJMrU8KuJA,9,https://solblaze.org/assets/blze.png,true
EUROe Stablecoin,EUROe,2VhjJ9WxaGC3EZFwJG9BDUs9KxKCAjQY4vgd1qxgYWVg,6,https://dev.euroe.com/persistent/token-icon/png/256x256.png,true
KIRA,KIRA,kiraZUmSnzgfVfhrdvNj6hxHFaPFTTUk8ioY98cbh6G,9,https://www.arweave.net/71SbFojNuoFeQ_n4cfMYKzX87xPvsQvNr59R_ZM7ucQ?ext=png,true
AllDomains,ALL,BaoawH9p2J8yUK9r5YXQs3hQwmUJgscACjmTkh8rMwYL,6,https://arweave.net/FY7yQGrLCAvKAup_SYEsHDoTRZXsttuYyQjvHTnOrYk,true
Liquid Staking Token,LST,LSTxxxnJzKDFSLr4dUkPcmCf5VyryEqzPLz5j4bpxFp,9,https://storage.googleapis.com/static-marginfi/lst.png,true
UPTOBER,UPT,9CPWiCFL11DWr92dsTrzLf5cKz6zKhLz3xzRcYCQ3Nd2,6,https://bafkreihgs65erm5f45s5vzl7y6wdl3nuqqqpcvlith3sotor5jcctft2wu.ipfs.nftstorage.link,true
Flowmatic,FM,Eh1fXbAipe4k7CYR9UMb2bbWmBcpU3HcyX3LWuRVFBLz,4,https://nftstorage.link/ipfs/bafybeighw6z7wdbk73tezruawliwt622xic6r43wmzgpk22rsnmqvjvkrm/Brando_logo_of_F_on_a_black_background_in_the_style_of_light_te_42b8cbea-cc40-4c9f-a098-62c381d624df.png,true
Render Token,RENDER,rndrizKT3MK1iimdxRdWabcF7Zg7AR5T4nud4EkHBof,8,https://shdw-drive.genesysgo.net/5zseP54TGrcz9C8HdjZwJJsZ6f3VbP11p1abwKWGykZH/rndr.png,true
FluxBot,FLUXB,FLUXBmPhT3Fd1EDVFdg46YREqHBeNypn1h4EbnTzWERX,5,https://bafybeiakyhwwesdvxpikjn4kyqddira3hjpjfcn26ycrrezt65bfa7r3gm.ipfs.nftstorage.link,true
Jupiter Perps,JLP,27G8MtK7VtTcCHkpASjSDdkWWYfoqT6ggEuKidVJidD4,6,https://static.jup.ag/jlp/icon.png,true
Pyth Network,PYTH,HZ1JovNiVvGrGNiiYvEozEVgZ58xaU3RKwX8eACQBCt3,6,https://pyth.network/token.svg,true
Myro,$MYRO,HhJpBhRRn4g56VsyLuT8DL5Bv31HkXqsrahTTUCZeZg4,9,https://i.ibb.co/9nr3xFp/MYRO-200x200.png,true
Liquid Solana Derivative 42069,LSD,DDti34vnkrCehR8fih6dTGpPuc3w8tL4XQ4QLQhc3xPa,9,https://arweave.net/b4cfT3yHTxVvuZc2jzmgzWUiEBiuAC9hkM7GhXZEklg,true
Honeyland,HXD,3dgCCb15HMQSA4Pn3Tfii5vRk7aRqTH95LJjxzsG2Mug,9,https://arweave.net/NHZyHFvooDi_LKgs1BaHVPMsuRSOoHpE-J26fp1uHGQ,true
RIBBIT,RBT,65nTNuJGHme4PQvKQyJykKp1bJAkK4A8Q66sd2yBWugf,6,https://bafkreia3t3g3ecvvq7i5mgivvelysuhn5s6hzrulxmbkwgj5tgpsjtufge.ipfs.nftstorage.link,true
GigaDAO,GIGS,9U8Bn6zAf6Wyp1YHdXtLyfbN7yMvdvW1qQY475iZ5ftZ,4,https://gateway.pinata.cloud/ipfs/QmUz2npdTWpFWBYiRCBN4zXMZFBRL9w5yNBNaSCXMTJ9T9,true
D/ACC,D/ACC,FabjHjc1druUQoHVtudpNiCpnf73rtLzMkRM1b5NSbb6,9,https://img.fotofolio.xyz/?url=https%3A%2F%2Fnftstorage.link%2Fipfs%2Fbafkreiaad6yxjxad6qpkb7taodfnbfv74hmgmnorqatab27r54jpgroqci%2F,true
Solanacorn,CORN,6DSqVXg9WLTWgz6LACqxN757QdHe1sCqkUfojWmxWtok,7,https://assets.coingecko.com/coins/images/33100/standard/soly_logo_final.jpg?1707405222,true
CHONKY,CHONKY,H7ed7UgcLp3ax4X1CQ5WuWDn6d1pprfMMYiv5ejwLWWU,6,https://f4xsxwnaxid37ojcze5qpc7p3ydfaj5dhynszhcjseeizelsa4mq.arweave.net/Ly8r2aC6B7-5Isk7B4vv3gZQJ6M-GyycSZEIjJFyBxk,true
What's Updog?,UPDOG,HJ39rRZ6ys22KdB3USxDgNsL7RKiQmsC3yL8AS3Suuku,9,https://arweave.net/utcdLmTdNHmyD02oMfQn9Yc5L4UbwrtCtka3gpQQas4,true
dogwifhat,$WIF,EKpQGSJtjMFqKZ9KQanSqYXRcF8fBopzLHYxdM65zcjm,6,https://bafkreibk3covs5ltyqxa272uodhculbr6kea6betidfwy3ajsav2vjzyum.ipfs.nftstorage.link,true
Grok,GROK,BQ3F72yt9FVRgYrqCVCG3YohyBesDZ9bTuhGdmQ7GNEF,9,https://imageupload.io/ib/buy0hGfs0Eq69TN_1699677473.jpg,true
Meerkat Millionaires Country Club,MMCC,fLoeAqCfMiS3Uaj6aXSCGhf2ZE9znWz7WjTPCD2Rgnf,2,https://dl.airtable.com/.attachmentThumbnails/da62eb10c452a9b2a9b768d4aedd13b5/676b0660,true
SOL Decoder,DECODR,HbXTcNq8ExstVzfPVoXi45arRS6L6YXCsu5Wtv59AkqF,2,https://img-cdn.magiceden.dev/rs:fill:400:400:0:0/plain/https://bafybeihnkaxx34smd3abzh4ylk4aylqqzqx7mstui7dumvjn322enefqeu.ipfs.dweb.link/,true
Crypto Titans,CTSx,nGFA7SfrfTDyn1ZaMdeNBi2tCtUNEyFMh99JQh37CKR,2,https://pbs.twimg.com/profile_images/1651244049729306624/NXYsYA2g_400x400.jpg,true
Runes,Runes,2DvJPeiVhZTsAFHFQ99qZtwj9osoieB3wYYKRzm3ECAc,2,https://creator-x.s3.us-east-1.amazonaws.com/assets/ovo1sHqaEw9bEFAYTwm3MNGksz3UYzTaYHT3DDmSMmb/runes_fake/logo.png,true
BunnyBytes Golden Ticket,BBYTES,AVZvaDtfPnGbqRcsgH6eia381rPN3sExPtMs1TTnjaVq,2,https://img-cdn.magiceden.dev/rs:fill:400:400:0:0/plain/https://creator-hub-prod.s3.us-east-2.amazonaws.com/bbgt_pfp_1681244735120.jpeg,true
Octokn,OTK,octo82drBEdm8CSDaEKBymVn86TBtgmPnDdmE64PTqJ,9,https://storage.googleapis.com/the-octos-nfts/icon-otk-big-filled.png,true
JITO,JTO,jtojtomepa8beP8AuQc6eXt5FriJwfFMwQx2v2f9mCL,9,https://metadata.jito.network/token/jto/image,true
SpiderSwap,SPDR,AT79ReYU9XtHUTF5vM6Q4oa9K8w7918Fp5SU7G1MDMQY,9,https://arweave.net/PAVQPYRQzq2g4O2X7hDzOniW4aBE9PJ19U56MRVpIfA,true
Lamas Finance,LMF,LMFzmYL6y1FX8HsEmZ6yNKNzercBmtmpg2ZoLwuUboU,9,https://www.lamas.co/resource/lmf_token.png,true
sols,sols,2wme8EVkw8qsfSk2B3QeX4S64ac6wxHPXb3GrdckEkio,9,https://arweave.net/DjDIitc-424x1UlvJLElsmhfIK3QMuFlPnJKT3CVkWY?ext=png,true
BONKLANA,BOK,88tmABf1s3A6jbLD2yLR1tgbGjz68fz3EDrbeSB1JPPc,9,https://gateway.irys.xyz/oJvtfp7SYicoLG72x16OgkU5YK0SXK-krvF5k8_q0jI,true
Silly Dragon,SILLY,7EYnhQoR9YM3N7UoaKRoA44Uy8JeaZV3qyouov87awMs,9,https://gateway.irys.xyz/quusRf1O-_WcCbrFwHkbIZ26vxQ1xJZeQdsaKRITVNQ,true
Dogelon (Wormhole),ELON,7ZCm8WBN9aLa3o47SoYctU6iLdj7wkGG5SV2hE5CgtD5,4,https://dogelonmars.com/img/logo.png,true
SBF,SBF,FkbWN4dcFQym2PgCELfThghQqLuA2e2jThMJyhZjfG4M,6,https://bafkreifhqihaiwyo4g2aogdu4qyfqftkxy3aq4xxbhoxdkbkufrobsnjwm.ipfs.nftstorage.link,true
NovaDEX,NVX,GtMtXoJiqSf8Gfp83cuunnDTiJTeTmv7cniVtJ6UAMWH,9,https://pbs.twimg.com/profile_images/1722623481987428352/b4gDEuuT_400x400.jpg,true
EURC,EURC,HzwqbKZw8HxMN6bF2yFZNrht3c2iXXzpKcFu7uBEDKtr,6,https://www.circle.com/hubfs/Brand/EURC/EURC-icon_128x128.png,true
Neon EVM,NEON,NeonTjSjsuo3rexg9o6vHuMXw62f9V7zvmu8M8Zut44,9,https://raw.githubusercontent.com/neonevm/neon-evm.docs/main/static/icons/token.svg,true
Popcat,POPCAT,7GCihgDB8fe6KNjn2MYtkzZcRjQy3t9GHdC8uHYmW2hr,9,https://bafkreidvkvuzyslw5jh5z242lgzwzhbi2kxxnpkic5wsvyno5ikvpr7reu.ipfs.nftstorage.link,true
Ondo US Dollar Yield,USDY,A1KLoBrKBde8Ty9qtNQUtq3C2ortoC3u7twggz7sEto6,6,https://hq3wjgefwtje2kue7bvqlevhns2udaharnibucrgui3lhgy4aniq.arweave.net/PDdkmIW00k0qhPhrBZKnbLVBgOCLUBoKJqI2s5scA1E,true
Melon Dog,MELON,7DGJnYfJrYiP5CKBx6wpbu8F5Ya1swdFoesuCrAKCzZc,6,https://arweave.net/5VQtSLt9kwn-FlP4ulK9DjuowQZnLm2zarHqda2MhPI,true
MAGA (Wormhole),TRUMP,HaP8r3ksG76PhQLTqR8FYBeNiQpejcFbQmiHbg787Ut1,8,https://magamemecoin.com/wp-content/uploads/cropped-MAGA-Memecoin-Favicon.png,true
PONKE,PONKE,5z3EqYQo9HiCEs3R84RCDMu2n7anpDMxRhdK8PSWmrRC,9,https://gateway.irys.xyz/YBMDVBvnfgO1gXCSmmc8p0RQhc69WWe8_kOkoT8w7nE,true
AI,AI,99ouK5YUK3JPGCPX9joNtHsMU7NPpU7w91JN4kdQ97po,9,https://gateway.irys.xyz/HnDwG54RZvJhTD2PX-mmrD2jwC9MIdxKjW2hL3M8jQc,true
Pixel By Pixel,PbP,3f7wfg9yHLtGKvy75MmqsVT1ueTFoqyySQbusrX1YAQ4,9,https://www.arweave.net/oM5esNEOkJrw6rElkNeg8I_ayWnf_ScNC8P9cgqNsms,true
catwifhat,$CWIF,7atgF8KQo4wJrD5ATGX7t1V2zVvykPJbFfNeVf1icFv1,2,https://i.postimg.cc/d1QD417z/200x200logo-copy.jpg,true
A Gently Used 2001 Honda Civic,USEDCAR,9gwTegFJJErDpWJKjPfLr2g2zrE3nL1v5zpwbtsk3c6P,9,https://gateway.irys.xyz/7TTPG48afTZE8Ioeaa4XlZ7F4Q5g4lLYkC7N1Yr1pFo,true
StarShip,STSHIP,GHtLF7drbYXGTHX73uSxqPKkJUzDqcBNe2M9fzjJzr3j,8,https://gateway.irys.xyz/JUL1T_9NFtLEDZGtY-4pKopYplV7bszLhp5pCl2fKzc,true
EGG,EGG,4ynyx6BzY2XGFgjjun9Cruj1bSRo8FLsAqNnPsW6jDsu,9,https://gateway.irys.xyz/ar31vqcXlnD4hN5WZ5ha2xnKmYtMv9YXEtLY4BEpJxs,true
SmoLanO,SLO,E43qU77tnWDwN11o7TtaGMNpxCAqz8RZEZ7PcTCUXSim,9,https://img.fotofolio.xyz/?url=https%3A%2F%2Farweave.net%2F2SMzEgv4IqPaiTkKe09CLodbOWbiC2rmIKRzgkFsFNs,true
Bork,BORK,4jZXkSNgTQKCDb36ECZ6a2aNzcUniGcDeXgTdtM2HxAX,9,https://node1.irys.xyz/v7mjymWz2rjAHe1Sn3rUECDdjWjYx_MZ_zi5hhQsgOU,true
DOGWIFOUTHAT,WIFOUT,2ioyweEeV4xJCkFJvh868X9iP3L6Q31MVCawfbJLRTHq,9,https://i.imgur.com/3642zZD.jpg,true
DegenerateFinance69Inu,DEFI,Fefecfi5DhahY51XqQTP2qjFGhnuoSjrVivL6k9Ercw6,4,https://github.com/0xViva/public-assets/blob/main/assets/DefiDogLogo.png?raw=true,true
Brett,BRETT,DxtssVdyYe4wWE5f5zEgx2NqtDFbVL3ABGY62WCycHWg,9,https://node1.irys.xyz/Lc1vGYEY45eezP3nJcHDbUFOpn0jEQeTvoJ8akpRkXQ,true
monkeyhaircut,monk,FYa25XnBsXQXAdTnsyKBKd5gZ1VZhChBRF57CqfRxJZX,6,https://bafybeifx7lchopsihh6qhw5nvq4tjbwl4wf2wy745mugvhdq5krk2bwsmi.ipfs.nftstorage.link,true
Solzilla,SOLZILLA,31iQsahfa4CMiirU7REygBzuAWg4R4ah7Y4aDu9ZfXJP,4,https://raw.githubusercontent.com/Solzilla/Solzilla/main/solzilla512x512.png,true
Yaku,YAKU,AqEHVh8J2nXH9saV2ciZyYwPpqWFRfD2ffcq5Z8xxqm5,9,https://arweave.net/vBuoW86uFsjvQjilInux-5bL8rNI5sbehVBY16KmU5I,true
mockJUP,mockJUP,JxxWsvm9jHt4ah7DT9NuLyVLYZcZLUdPD93PcPQ71Ka,9,https://i.pinimg.com/originals/cb/87/f6/cb87f6e8152961be45a5642ef72c391f.jpg,true
BOZO,$BOZO,BoZoQQRAmYkr5iJhqo7DChAs7DPDwEZ5cv1vkYC9yzJG,5,https://arweave.net/QN7RFzy_OqPO_cAbBtBUzcUwObkDuvkRLS16oxJI-s0,true
Pax Dollar,USDP,HVbpJAQGNpkgBaYBZQBR1t7yFdvaYVp2vCQQfKKEN4tM,6,https://424565.fs1.hubspotusercontent-na1.net/hubfs/424565/USDPLOGO.png,true
VNX Euro,VEUR,C4Kkr9NZU3VbyedcgutU6LKmi6MKz81sx6gRmk5pX519,9,https://4183046207-files.gitbook.io/~/files/v0/b/gitbook-x-prod.appspot.com/o/spaces%2FsAJThQfNCJePE5h9iplX%2Fuploads%2FaZb0qZfNGNXHulNZRIko%2FVEUR%20256x256.png?alt=media&token=b6bad541-cee9-427d-8498-d4a4ea423c79,true
VNX Swiss Franc,VCHF,AhhdRu5YZdjVkKR3wbnUDaymVQL2ucjMQ63sZ3LFHsch,9,https://4183046207-files.gitbook.io/~/files/v0/b/gitbook-x-prod.appspot.com/o/spaces%2FsAJThQfNCJePE5h9iplX%2Fuploads%2F2fiefVjQxDNLja1fPN7g%2FVCHF%20256x256.png?alt=media&token=b990889a-841a-49f8-9d54-cbe2bb83b7f7,true
Saros,SAROS,SarosY6Vscao718M4A778z4CGtvcwcGef5M9MEH1LGL,6,https://rapid.coin98.com/Currency/saros.png,true
swag coin,SWAG,FaxYQ3LVXP51rDP2yWGLWVrFAAHeSdFF8SGZxwj2dvor,2,https://lhh47k2s4fcnzgbccwh537aja2wpu7adocuilfh2fq465lfuttaq.arweave.net/Wc_Pq1LhRNyYIhWP3fwJBqz6fANwqIWU-iw57qy0nME,true
Legends of SOL,LEGEND,LGNDeXXXaDDeRerwwHfUtPBNz5s6vrn1NMSt9hdaCwx,9,https://arweave.net/sCGvXDlbFn8p0s0cfqtznbjn9K_cyYY2aa9HGC1XWR8,true
Bozo Hybrid,bozoHYBRID,EJPtJEDogxzDbvM8qvAsqYbLmPj5n1vQeqoAzj9Yfv3q,9,https://bafkreiamobqahwlwio5syavvfkknvfecgt7osbsh2s4xizihgpsajethyy.ipfs.nftstorage.link,true
Wen,WEN,WENWENvqqNya429ubCdR81ZmD69brwQaaBYY6p3LCpk,5,https://shdw-drive.genesysgo.net/GwJapVHVvfM4Mw4sWszkzywncUWuxxPd6s9VuFfXRgie/wen_logo.png,true
PELFORT,$PELF,BgJW7U1u2RY5XJk9uYb5AqFRzjMtqE7pw3kaf9iw9Ntz,6,https://raw.githubusercontent.com/yamitora0/pelfort/main/logo.png,true
YOM,YOM,yomFPUqz1wJwYSfD5tZJUtS3bNb8xs8mx9XzBv8RL39,9,https://yom.mypinata.cloud/ipfs/QmQ9qE5XWMEyzQGWJFcZjwjigHBzSWDaaf2xFhCFqdvUcx,true
Moutai,Moutai,45EgCwcPXYagBC7KqBin4nCFgEZWN7f3Y6nACwxqMCWX,6,https://bafybeihn5s2ykzqwpmb6d4dbowecovc7vo2wjx7zjltur7sl4ykfhbmoaq.ipfs.nftstorage.link/,true
Jupiter,JUP,JUPyiwrYJFskUPiHa7hkeR8VUtAeFoSYbKedZNsDvCN,6,https://static.jup.ag/jup/icon.png,true
sealwifhat,SI,Fxgdfsy1Z5Mvh53o69s2Ev6TGxtAJ1RQ5RJ5moCpKmQZ,9,https://bafybeiay63g7wqdbndfp6yxuvonuigsp4qrgm22ultyndxurnuu7tkkbbi.ipfs.nftstorage.link/,true
Artrade Token,ATR,ATRLuHph8dxnPny4WSNW7fxkhbeivBrtWbY6BfB4xpLj,9,https://artrade.app/logo.png,true
MemeCoinDAOai,MEMES,8W4qpyLx74vwBRewa3rVEPPVMnJ8VWMkCTWCTSYPQTDu,6,https://arweave.net/hb9M20acG4rA6SFess40tLnhJ6RZkd0EmluNwzh11Wc?ext=png,true
Whales Market,WHALES,GTH3wG3NErjwcf7VGCoXEXkgXSHvYhx5gtATeeM5JAS1,6,https://nftstorage.link/ipfs/bafkreic6gboxk4nlhhzzuoqakj55s23y37qzwb7yzykczfxbwj7kafy75i,true
Juicy SOL,jucySOL,jucy5XJ76pHVvtPZb5TKRcGQExkwit2P5s4vY8UzmpC,9,https://shdw-drive.genesysgo.net/5ohvXVJ7f3HxnwYGnXKdECWC3KFcU95dHu7S7x69Y1sA/logo_rev.svg,true
Bonk SOL,bonkSOL,BonK1YhkXEGLZzwtcvRTip3gAL9nCeQD7ppZBLXhtTs,9,https://arweave.net/ms-FdIyJ8TxEJOb2SAYhfyrLop7TDrCEjD-I-oIl5u4,true
Drift Staked SOL,dSOL,Dso1bDeDjCQxTrWHqUUi63oBvV7Mdm6WaobLbQ7gnPQ,9,https://drift-public.s3.eu-central-1.amazonaws.com/dSOL.svg,true
Dither,DITH,E1kvzJNxShvvWTrudokpzuc789vRiDXfXG3duCuY6ooE,9,https://zxejrbfcjk7fa67anpyuavtssrkgvbek4onzbza2v56flew72cta.arweave.net/zciYhKJKvlB74GvxQFZylFRqhIrjm5DkGq98VZLf0KY?ext=png,true
META,META,METADDFL6wWMWEoKTFJwcThTbUmtarRJZjRpzUvkxhr,9,https://6hgaiayuroxlfrn3djpb7mx4ocwielgo2ovpj4ka4v47jsxj2p2a.arweave.net/8cwEAxSLrrLFuxpeH7L8cKyCLM7TqvTxQOV59Mrp0_Q?ext=png,true
Honk,HONK,3ag1Mj9AKz9FAkCQ6gAEhpLSX8B2pUbPdkb9iBsDLZNB,9,https://bafkreia5nmyxbrxshpiebsakviidhkfuoevpcyzonwov7bmaovce5ekzym.ipfs.nftstorage.link,true
Asvoria,ASV,AxaTJdRuuc3626FtPWdQCMcWPH6yzgxXKWbFCZN3TMgy,9,https://bafybeiap2jgce7xki7m6ei2ctkkdwczxgllo3gnueia63c6aipbka3opmu.ipfs.nftstorage.link/asvoria.png,true
SIZE,SIZE,HqLRjru6pD6GFGnQ7TwSSGQRuPhF8UZNey9T4yCsZzuq,6,https://bafybeidjk54m3p4mvfrvvgsyx6uszovxszwlvucupxfjbso3t3u2kfalja.ipfs.nftstorage.link,true
Duko,DUKO,HLptm5e6rTgh4EKgDpYFrnRHbjpkMyVdEeREEa2G7rf9,6,https://bafkreicncfoowhhwrvtkajpivg6lbi5qsktrsfhs3x264k4kgdil5hv26q.ipfs.nftstorage.link/,true
:moyai:(MOAI),MOAI,7NQSHjuEGENZDWfSvPZz7oP2D6c5Jc3LjFC6uh179ufr,9,https://node2.irys.xyz/z-DMnyxOt4FgHKdQq-05tIJOyarmt7Tg1QUqUeEOdew,true
Magic Internet Money,MIM,G33s1LiUADEBLzN5jL6ocSXqrT2wsUq9W6nZ8o4k1b4L,9,https://bafkreict6ykbea4qa5ulzkkagkihqqvo33frgaqo4kzofgsuyxxjozcuii.ipfs.nftstorage.link,true
Edgevana Staked SOL,edgeSOL,edge86g9cVz87xcpKpy3J77vbp4wYd9idEV562CCntt,9,https://arweave.net/JqUwm41OHf2jFLDognx7BKD6N9LiUDDRMTI8k2B7fHE,true
Any Inu (Wormhole),AI,ACeWC77UeW2DBZMe7YBsuXoxLvk4dHMnPzneApau1Au6,8,https://raw.githubusercontent.com/anyinu/MediaAssets/849ced29c7614ad8193661e7faa8eaece31eb313/ailogo.png,true
GameStop,GME,8wXtPeU6557ETkp9WHFY1n1EcU6NxDvbAggHGsMYiHsB,9,https://nftstorage.link/ipfs/bafybeiddrzeyne4n2hi7qkhyhqorc4jbs4565pset7fc3ifwvhvxfdrt7q/gamestop-logo.jpeg,true
Compass SOL,compassSOL,Comp4ssDzXcLeu2MnLuGNNFC4cmLPMng8qWHPvzAMU1h,9,https://solanacompass.com/compass.png,true
GIGACHAD,GIGA,63LfDmNb3MQ8mw9MtZ2To9bEA2M71kZUUGq5tiJxcqj9,5,https://bafybeifiyvpbr3kd6wepax4qxdlxbjrpz2de4lqsuwwuihirvaal6kqwba.ipfs.nftstorage.link,true
Anita Max Wynn,WYNN,4vqYQTjmKjxrWGtbL2tVkbAU1EVAz9JwcYtd2VE3PbVU,6,https://bafybeiepbscydfgvbfqq4augkwub2tsvbsm3e6uau3he2mmmbj4ebuyyym.ipfs.nftstorage.link/,true
Taylor Swift's Cat,BENJI,CPjDhhBpwEsLygNuczKcNwBPgMeni1xLomD48x51MyYU,9,https://bafkreidr7yjxj75ollxohlgmrvix6dpwgy4y5r3wp2bzz6mrgi3tnuhkuy.ipfs.nftstorage.link,true
D2,D2X,GyuP7chtXSRB6erApifBxFvuTtz94x3zQo3JdWofBTgy,3,https://scpri.me/files/logo.png,true
Horse Meat,HorseMeat,2FprjEk4MTSY9CxpKuENbGDdy69R15GHhtHpG5Durdbq,9,https://i.imgur.com/uKfGicj.jpeg,true
Nyxia Coin,NYXC,HrLx8MLKegpbmbmWePZiuvf3AbJNx1CJyjBwUHwicEgW,7,http://nyxia.ai/NYXC_coin-200.png,true
PopDog,POPDOG,EATGZHJViJsk7nEKkrdJicwNbfpkJfAtmrEmrjXR8NBj,6,https://i.postimg.cc/SRb6fSps/SBZ5KM3L.png,true
MXM,MXM,H53UGEyBrB9easo9ego8yYk7o4Zq1G5cCtkxD3E3hZav,6,https://assets.mixmob.io/images/MXM_Token.png,true
ZynCoin (Wormhole),ZYN,PzuaVAUH2tfxGZcbBR6kMxeJsBngnsPLFotGJNCtcsd,8,https://pbs.twimg.com/profile_images/1734964928434294784/pjyf-A-E.jpg,true
GameBoy,GBOY,GKZbA2gDzw3MoxbfRsnrJTNi5uBDrnrz9bq1pNnx6kv,9,https://images.squarespace-cdn.com/content/v1/65bd61a6fc592e7b51a773a7/72d9c35c-2b02-498b-b406-4cf5f6d06067/d2b08cecea46e8dac3603b9c57c4659c.png,true
The First Youtube Cat,PAJAMAS,FvER7SsvY5GqAMawf7Qfb5MnUUmDdbPNPg4nCa4zHoLw,9,https://pajamas.cat/wp-content/uploads/2024/03/photo_6303196121761170014_x.jpg,true
Peng,PENG,A3eME5CetyZPBoWbRUwY3tSe25S6tb18ba9ZPbWk9eFJ,6,https://bafkreibmv7tbmuqqhm2foemzuy4o4bxqd677r3obw6igrtlmpe5k3j4oge.ipfs.nftstorage.link,true
JENSEN HUANG,JENSEN,HfQuaLjMguh7vyZqqrWuVqpsjQd7tAPrzBWKqA3pDTH3,9,https://i.ibb.co/k5TC2w0/JENSEEEEN.jpg,true
Stanley Cup Coin,STAN,CQSzJzwW5H1oyWrp6QhfUKYYwyovbSiVDKnAxNfb1tJC,5,https://arweave.net/urnvj3NcnKmwEWNLDQJetp2OFP_nu3tB8HPdXwSFg7U,true
Abble,AABL,ENoD8J2J6wNHkcJkvVBkwq5JMiR1oNBfBZRkoHCQogyT,6,https://sapphire-lazy-macaw-504.mypinata.cloud/ipfs/Qmf6i1Rzz82xayVFtmWN8U4hUWtE2cQVqVWKoNE8gmchMz,true
PORTNOY,PORTNOY,8wzYfqeqkjBwYBHMacBVen8tSuJqXiDtsCgmjnUJDSKM,6,https://i.ibb.co/K0M01Ws/image.png,true
el gato,ELGATO,F47vvwFYuLioQsqEVAjqdY6Yihc8wVRiUcfHGcBR9XUs,6,https://dd.dexscreener.com/ds-data/tokens/solana/F47vvwFYuLioQsqEVAjqdY6Yihc8wVRiUcfHGcBR9XUs.png,true
Mumu the Bull,MUMU,5LafQUrVco6o7KMz42eqVEJ9LW31StPyGjeeu5sKoMtA,6,https://bafkreihszutctvdmdlyjtzfmj7rgvdorpc7jchj2td3feypc7veidbkpsu.ipfs.nftstorage.link,true
Solnic,SOLNIC,DeaKMzAeZja3Mh5okZE6WUvygLP3Lfuvm6Rg78HqXTz9,6,https://gateway.irys.xyz/y0Hlgi1BbUfWCfJ2a407UrlViwN0Fa3cjLikgrVCpWI,true
SolCard,SOLC,DLUNTKRQt7CrpqSX1naHUYoBznJ9pvMP65uCeWQgYnRK,6,https://bafybeidyzyh3wmstgqsdyhbz4a2im4dx3qw6sveet2tvd2vch62vonnb2y.ipfs.nftstorage.link,true
NVIDIA,NVDA,9dwPiStDBwJJqC3QzMnjpJP7xohZbMVmHELFx3uy3KRq,9,https://pbs.twimg.com/profile_images/1760839132958642176/nq18MRdb_400x400.jpg,true
HARAMBE,HARAMBE,Fch1oixTPri8zxBnmdCEADoJW2toyFHxqDZacQkwdvSP,9,https://turquoise-worried-llama-208.mypinata.cloud/ipfs/QmSsf1AHHx56hyR66DrfvohdQ9mwNrXcZc3WYZb3xi9Tfs?pinataGatewayToken=IjmxGjT2wDVCW9f1Vtqqu4mFAuFmeTtF2KuGOPOUmuNDv0IzHYWPG90almZJn1qp,true
Solchat,CHAT,947tEoG318GUmyjVYhraNRvWpMX7fpBTDQFBoJvSkSG3,9,https://bafybeigqw6dl5tiexa7utfhcsgldalhrelvjnea23jckqsgo65i2uoln5i.ipfs.nftstorage.link,true
SLERF,SLERF,7BgBvyjrZX1YKz4oh9mjb8ZScatkkwb8DzFx7LoiVkM3,9,https://bafkreih44n5jgqpwuvimsxzroyebjunnm47jttqusb4ivagw3vsidil43y.ipfs.nftstorage.link/,true
Silly Goose,GOO,GRFKaABC518SqXMvBpAVYUZtVT3Nj4mYk7E7xU4gA5Rg,9,https://bafkreiaorhiyiwevs2h6qnm4vdku64r6yjc7avbzwmdszgxcikcynjaknu.ipfs.nftstorage.link,true
smolecoin,smole,9Ttyez3xiruyj6cqaR495hbBkJU6SUWdV6AmQ9MvbyyS,6,https://ipfs.io/ipfs/QmcXAf2KasPyu8UtLnafsj3MR3YSjPH4huRc4NQ8YSanoX,true
Chintai,CHEX,6dKCoWjpj5MFU5gWDEFdpUUeBasBLK3wLEwhUzQPAa1e,8,https://chintai.io/images/icon.svg,true
HUND,HUND,2XPqoKfJitk8YcMDGBKy7CMzRRyF2X9PniZeCykDUZev,9,https://ipfs.io/ipfs/QmVMuMjyfKkuVnb8rHFXYor1ezFp9xrecatMH7TizPWdKV,true
jeo boden,boden,3psH1Mj1f7yUfaD5gh6Zj7epE8hhrMkMETgv5TshQA4o,9,https://bafkreid2t4f3i36tq4aowwaaa5633ggslefthxfdudaimog6unwu36umha.ipfs.nftstorage.link/,true
Ada,ADA,E4Q5pLaEiejwEQHcM9GeYSQfMyGy8DJ4bPWgeYthn24v,9,https://gateway.irys.xyz/BFejxwOQrFxDnvG84t8kUf3PI_nCU3PEBrHBlu6g5ww,true
picoSOL,picoSOL,picobAEvs6w7QEknPce34wAE4gknZA9v5tTonnmHYdX,9,https://arweave.net/zR2ZKXpwmG4hMpqhGXlvz-B7PMs34cXxVb2gC1DmlDo,true
Overclock SOL,clockSOL,GRJQtWwdJmp5LLpy8JWjPgn5FnLyqSJGNhn5ZnCTFUwM,9,https://raw.githubusercontent.com/Overclock-Validator/assets/main/img.png,true
SolanaHub staked SOL,hubSOL,HUBsveNpjo5pWqNkH57QzxjQASdTVXcSK7bVKTSZtcSX,9,https://arweave.net/RI0OfNg4Ldn5RRdOp9lE60NqUmweGtJxF5N8JjU_Y0k,true
Stronghold LST,strongSOL,strng7mqqc1MBJJV6vMzYbEqnwVGvKKGKedeCvtktWA,9,https://shdw-drive.genesysgo.net/CqCTE2k6ext17JLE7EFk6pXAznS7m1rLJaN9nHxUAwpc/stronghold.png,true
Lantern Staked SOL,lanternSOL,LnTRntk2kTfWEY6cVB8K9649pgJbt6dJLS1Ns1GZCWg,9,https://arweave.net/juI8rxciTff6pljaDiXMEq5klSOngQol_8lvyokGGwY,true
The Vault,vSOL,vSoLxydx6akxyMD9XEcPvGYNGq6Nn66oqVb3UkGkei7,9,https://cloudflare-ipfs.com/ipfs/bafkreig55mf3lazzbgndiqyqvdmchdsykvvebww7cqlws6ywgog5xfdzta,true
Kitten Haimer,KHAI,3TWgDvYBL2YPET2LxnWAwsMeoA8aL4DutNuwat2pKCjC,8,https://bafkreihkv72pvkaaboxl5rc7g7r5jihqjycdy4cbrap25ilfvvlgefhca4.ipfs.nftstorage.link,true
catwifbag,BAG,D8r8XTuCrUhLheWeGXSwC3G92RhASficV3YA7B2XWcLv,9,https://i.imgur.com/WjsUWFL.png,true
CHURRO,CHURRO,A3t817aK6XkhqQA148bjXKWJMhBmP9t2d9caWvQNaHQR,6,https://bafybeicdl3dbn5cr4xwvov5jnuxusaeichgfyyxnpmmukdsv7xw44qfpxi.ipfs.nftstorage.link,true
Banx,BANX,BANXbTpN8U2cU41FjPxe2Ti37PiT5cCxLUKDQZuJeMMR,9,https://arweave.net/5QRitQGPVjPwpjt43Qe_WISmys4dWwLMqQqQDT0oshg,true
SolMail,Mail,C8cNX2D1y3jqKpMFkQhP1gGbfvTEdeckZXLBKSN5z5KF,6,https://cf-ipfs.com/ipfs/QmcAtxKADTdcZvZxZj3Gkc5YR4Ket1TDodrwzhHt49u3Bn,true
Daumenfrosch,$daumen,T1oYbAejEESrZLtSAjumAXhzFqZGNxQ4kVN9vPUoxMv,9,https://bafkreia2rq6bzgsq2jw2of54xv6hflj6zvkiw3zba2unmlomo2czhquqqy.ipfs.nftstorage.link,true
Solama,SOLAMA,AVLhahDcDQ4m4vHM4ug63oh7xc8Jtk49Dm5hoe9Sazqr,6,https://gateway.irys.xyz/UoPHSd2rbj9krhwHfR4Vk94JnzgwbDs8SW92_Z90YUM,true
Solbank,SB,8twuNzMszqWeFbDErwtf4gw13E6MUS4Hsdx5mi3aqXAM,9,https://gateway.irys.xyz/niSLX8FhcEagTaPapRW4gEbi_u2y675Gy1isLB6wAuM,true
Baby,BABY,5hmf8Jt9puwoqiFQTb3vr22732ZTKYRLRw9Vo7tN3rcz,6,https://photos.pinksale.finance/file/pinksale-logo-upload/1709065389877-8334609f627697b59fa95b3f76dc5f39.png,true
Eggdog,EGG,EXA537HSBVpsFijENbt6Muuy9AADUN8dUmYKD4oKbjJE,9,https://bafybeietkiaw53lzurtiqayxujtuhfmfxkko5rh2xphmxxnyxhqddwy7tu.ipfs.nftstorage.link,true
SHIBA INU,SHIB,5MBBsoCVddAuF8XixvCcXNbHAw6WfpZ8WyTKMmczxxRN,9,https://i.ibb.co/kh4h5xd/11.png,true
REdao,$RE,REdaoGk6EcBVgXW7vHs9FnzWmkr3ba6eHRBBgEtLNWo,9,https://arweave.net/mQfc83s1RVPeQumJ8O6TVS8h9QH1ToSwilJ9USNU1_E,true
BOOK OF MEME,BOME,ukHH6c7mMyiWCf1b9pnWe25TSpkDDt3H5pQZgZ74J82,6,https://bafybeidov7gddabmqke3fozpuvlllp3q2c537f2vfyyf6or4spbbao6cee.ipfs.nftstorage.link/,true
cat in a dogs world,MEW,MEW1gQWJ3nEXg2qgERiKu7FAFj79PHvQVREQUzScPP5,5,https://bafkreidlwyr565dxtao2ipsze6bmzpszqzybz7sqi2zaet5fs7k53henju.ipfs.nftstorage.link/,true
Bird Dog,BIRDDOG,3XTp12PmKMHxB6YkejaGPUjMGBLKRGgzHWgJuVTsBCoP,9,https://dd.dexscreener.com/ds-data/tokens/solana/3XTp12PmKMHxB6YkejaGPUjMGBLKRGgzHWgJuVTsBCoP.png?size=md,true
Biao Coin,$BIAO,3W52uCb8NW8ruMF9mmJX3oKiYAjdPai4633srsZFQCS6,6,https://i.imgur.com/BNautKe.png,true
What in Tarnation?,WIT,Adq3wnAvtaXBNfy63xGV1YNkDiPKadDT469xF9uZPrqE,6,https://cf-ipfs.com/ipfs/QmeqEFthErkc4E5r758Uc3X7hLEyB9S83iWc5ZjcW1C9M3,true
Shark Cat,SC,6D7NaB2xsLd7cauWu1wKk6KBsJohJmP2qZH9GEfVi5Ui,6,https://cf-ipfs.com/ipfs/QmYZnjijjtoH2YDCPxUc6advSuSbsCre4gDjtS2YTUfw7P,true
INBRED CAT,INBRED,EjzzyCSiLqjFDprpZj8e1zjXmcTG5HPGFRSEoWcJWHh9,9,https://arweave.net/iVf74QkkM6G7JfKjwkl37xbFEq0FCU4o5PLGH3--i2o,true
Boba Oppa,BOBAOPPA,bobaM3u8QmqZhY1HwAtnvze9DLXvkgKYk3td3t8MLva,6,https://bafkreicrn3j6ausiwrw66jg22xxbrkypcgkjkux6xeaacw2wcxtj6t3lji.ipfs.nftstorage.link/,true
JustAnEgg,EGG,wo1zgt8rfrYpvdVi4nidoj1SYfcR4pQx69bmNv2JLhQ,9,https://bafkreia6ogaqdzbirdorm2mekm25svpd3szrxf7lzdlpn344mysahecd2a.ipfs.nftstorage.link,true
Dolan Duck,DOLAN,4YK1njyeCkBuXG6phNtidJWKCbBhB659iwGkUJx98P5Z,6,https://pbs.twimg.com/profile_images/1749802424590798848/8Go1WkbK_400x400.jpg,true
jeo rogen,rogen,DtgDZb83TqywcuBuWE89jx4k5Y7b6nQ4GYJq3Wd61JQQ,6,https://cf-ipfs.com/ipfs/QmZ5WeZCweWhbKbJ7Ux1ewxVVMrwz5dYL6szeBdT59f4AF,true
Sharbi,SHARBI,8D1nUMJQam54o34Kj2knFhSTaWoehEr4mBc7LfiDdCqq,8,https://bafkreigwjy43gzwjqlfpottif2pmn3i5fyk7z6p5txvtoceljr4iqxvozq.ipfs.nftstorage.link,true
MOGGO,MOGGO,FbtRb4zF2u52FSnjLB79yRg73hbMVgSw9rC897shqzb4,9,https://moggo.club/wp-content/uploads/2024/04/moggoLogo200.png,true
Flux Terminal,FLUXT,D1wUhnzTDscCDRdxDwR4h82XkesXgQR4Q2zLhSuYJA5m,6,https://image-cdn.solana.fm/images/?imageUrl=https://cf-ipfs.com/ipfs/QmeGpjQhH7CbUfJHFXii2u6gek4ATU4shonqSWMVFMjZ4h,true
Nobiko Coin,LONG,AYABiqKuTh9Va5Aqc6AujFevHwDGmECGQiFmKW5g3K4Z,5,https://bafkreiayokuebuh72owe7axyonjlea2o7kfnjnftzoidyvghlql4igxpea.ipfs.nftstorage.link/,true
IMARO,IMARO,3Gjckk5jXnJffBruUS2EEYhpiDEN6z5TPXLkFVHkSkkg,6,https://arweave.net/DHesbj9OXu_a4xL9XYw27lxuG67IrG7Uv0WOuTwu9mo,true
URANUS,ANUS,9hjZ8UTNrNWt3YUTHVpvzdQjNbp64NbKSDsbLqKR6BZc,9,https://anusexplorer.com/web-logo.png,true
Costco Hot Dog,COST,Av6qVigkb7USQyPXJkUvAEm4f599WTRvd75PUWBA9eNm,9,https://ipfs.io/ipfs/QmSqddq1svm7VpaLCcSQzCea58J8xRo8vhHuVJgdRPUw1J,true
Wormhole Token,W,85VBFQZC9TZkfaptBWjvUw7YbZjy52A6mjtPGjstQAmQ,6,https://wormhole.com/token.png,true
TIMMI,TIMMI,BxXmDhM8sTF3QG4foaVM2v1EUvg9DLSVUsDRTjR8tMyS,6,https://pbs.twimg.com/profile_images/1754820662550732800/SMcVuXll.jpg,true
ZEUS,ZEUS,ZEUS1aR7aX8DFFJf5QjWj2ftDDdNTroMNGo8YoQm3Gq,6,https://raw.githubusercontent.com/ZeusNetworkHQ/zeus-metadata/master/logo-v1.png,true
Tongue Cat,LUIS,5wU4tUcAbds7d5cmnGK2otHa9gbayYsD2mhz1reR6c91,6,https://bafkreihtcqx42secvikbvwtqzcrc2fldtapwl6w4qwdfu4yxh43n6l243u.ipfs.nftstorage.link/,true
SNAP,$NAP,4G86CMxGsMdLETrYnavMFKPhQzKTvDBYGMRAdVtr72nu,6,https://image-cdn.solana.fm/images/?imageUrl=https://bafkreibmmrxk72fmcp3pxcrusm5hot44mwawyfhny4tp2jwc2sgjtjfa2y.ipfs.nftstorage.link,true
Hege,HEGE,ULwSJmmpxmnRfpu6BjnK6rprKXqD5jXUmPpS1FxHXFy,9,https://statics.solscan.io/cdn/imgs/s60?ref=68747470733a2f2f62616679626569636869373579337664777432686d6c346363797064647835746f7534796668707934327a336b346c686a3634766a3268696e6f612e697066732e6e667473746f726167652e6c696e6b,true
MILKBAG,MILKBAG,2ubuHGFS4VJVxSEpvV3kDwz6JiuXdaAoGMwrwYC87tp8,9,https://www.dextools.io/resources/tokens/logos/solana/2ubuHGFS4VJVxSEpvV3kDwz6JiuXdaAoGMwrwYC87tp8.png?1711033406653,true
Beast Meme,XBM,XBMuuVZKHd6u8GyX6JakhjgpCA6h7FG28bXaWX2s51P,9,https://arweave.net/WpHohYQqfwWlp14kMnOjwlcpEhoEibuUsW-MvtDz29A?ext=png,true
Hide the pain Harold,Harold,B8AmDZRJeHuq8CPciey6jocq9p4ivc4ZurDXPwtqs2Qg,6,https://bafybeihtro4yen75sdqt5rc7s5fcjlfb2ts3xvsvibkm63eoe56ape32cu.ipfs.cf-ipfs.com/,true
Barron Tremp,BarrTremp,2CMxmFb2nsNdw351TfZoawpN1DnDuVrH4Wn6fxH2EJT6,6,https://bafkreiaxhbgj5l2cfziu66n5fipedkylcmw2di6ijtvhnw5q4fdp3d3eme.ipfs.nftstorage.link,true
harold,harold,EjmDTt8G3T725eFSV7oWmGD8J848guo3LZ1EB3RfwGSw,9,https://image-cdn.solana.fm/images/?imageUrl=https://bafkreihx4kdgg6floepe6xbb23n2ksjsqeuwtg2fajg2enorvxyu735wku.ipfs.nftstorage.link,true
Tensor,TNSR,TNSRxcUxoT9xBG3de7PiJyTDYu7kskLqcpddxnEJAS6,9,https://arweave.net/beGAyeIzjV_UkyjFtxbkZyi_YqfOBWayiQ0B6wqWygY,true
Jupiter Staked SOL,JupSOL,jupSoLaHXQiZZTSfEWMTRRgpnyFm8f6sZdosWBjx93v,9,https://static.jup.ag/jupSOL/icon.png,true
crow with knife (Wormhole),CAW,9niFQK8MsParjSxhYQ3Ys2a6zHmsEuKSB1M7wwdvZ7bj,0,https://www.crowwithknife.com/200px.png,true
Wuffi,WUF,73xsLcBnLnc9bh81cqVKqj8uEyiarXng5ZwJuTbnVebG,4,https://raw.githubusercontent.com/wuffi-inu/wuffi-inu.github.io/release-1.1.0/assets/wuffi-on-chain-image.png,true
MIMANY,MIMANY,3Rcc6tMyS7ZEa29dxV4g3J5StorS9J1dn98gd42pZTk1,6,https://bafybeicmv6htlk6vqunx4jifj52txzebkmvxiq3ph66igoqwbqnzkcbntq.ipfs.cf-ipfs.com/,true
Dawkoins,DAW,7cb67ev3jvBKaAH1tnVM8FL8WfQ96sa2TYByEXajqx8N,6,https://bafkreibbgyr7sq5rnvievhrocn56kiwxw7yp5ul2gqi7sfs6purdmrq3gu.ipfs.nftstorage.link,true
RETARDIO,RETARDIO,6ogzHhzdrQr9Pgv6hZ2MNze7UrzBMAFyBBWUYp1Fhitx,6,https://bafkreidx64y72zvdmaysswocovwowtjlxjnh26qh62edql5gmp5rpo5gpm.ipfs.nftstorage.link,true
remilio,REMILIO,remiG7sGaHWgrY7o6SXJW5CYi5A7kmKutyJz6x6hUsp,9,https://arweave.net/NsC-eIEVyKfXDJ7JPtZzTJ4BMrkQNkmLDseP2IgeDZo,true
anon coin,ANON,A53BzB7297SXdF6mguQQ8kzqjVYt8pUeHW5m1i8pD6hf,6,https://bafybeihnxkkwtjf2a5jfwmetcbqkzj7zedwf24pfaeqtvtog7raaext76a.ipfs.cf-ipfs.com/,true
SAD HAMSTER,HAMMY,26KMQVgDUoB6rEfnJ51yAABWWJND8uMtpnQgsHQ64Udr,6,https://bafkreidnhl3agzjkay3ljojmvwid72amoumqftgaw7lks2keg27ph3efsu.ipfs.nftstorage.link,true
SoylanaManletCaptainZ,ANSEM,3Lec18q7nPM62LQwqXG2ddiBTDrFCiNw1NEA1ehBZPgB,1,https://arweave.net/tJXiOAU5ZXS7PZbWGKrg5nNRCh5OUlr07iIY4FRWK0o,true
Lambo Space Princess,LSP,BAy5FmGzFwcVcZq1yXaDvF1mEAChF3MPtBLrUMBsnLN9,6,https://cf-ipfs.com/ipfs/QmawB8QaHKMCe8myQbkM15FmsZ1YzCnLnPWPHEN6GAB8a6,true
nubcat,nub,GtDZKAqvMZMnti46ZewMiXCa4oXF4bZxwQPoKzXPFxZn,9,https://bafkreieny7bfqv76t3pgaaktrrux6j2iflefncegqxmezqsqrzy7kjhhy4.ipfs.nftstorage.link/,true
Vibing Cat,VCAT,VP9UaBXLM4KYRvyjisu65rz8BU5xNAbewU7LVmyU2x4,9,https://bafybeial7nesuvpbffl6mvptgf33abr762iojb634ig3p6o6cdo2mlwe6a.ipfs.nftstorage.link/,true
Chinese Beaver,BEAVER,M9i5xQz8Z2Ua3VHuBkjBSkP5HYwdetu7N9RP5VUsW4z,6,https://gateway.irys.xyz/vhQEI53x9msYz5gHSBofNA1oljDH9xKjGAqkQmge-1o,true
bul,bul,8RGy4BZUEkW9dc2UEZ3QHYYdas66X63vazdZJezGJw5e,7,https://cloudflare-ipfs.com/ipfs/bafkreiezviw3lwrcxzh6dctn47unj5tsidgqgjmlzqicr3xhcpx7lxbasy,true
World War 3,Ww3,7m2TUkpPZCScBhPJnGjWjbh75KkDNnwAdd7i74m8awad,6,https://bafybeibkq2ku7q3p6qsj24ac4s3dij4eu5jg47gjd4ra7ln5x77af66sty.ipfs.cf-ipfs.com/,true
Sharky,SHARK,SHARKSYJjqaNyxVfrpnBN9pjgkhwDhatnMyicWPnr1s,6,https://shdw-drive.genesysgo.net/2F9tju1WHwocrTHj2iRoLhhVqbgQJusdUgkYNL84wKf4/$SHARK_logo_round.png,true
michi,$michi,5mbK36SZ7J19An8jFochhQS4of8g6BwUjbeCSxBSoWdp,6,https://i.ibb.co/GxG0314/5mb-K36-SZ7-J19-An8j-Fochh-QS4of8g6-Bw-Ujbe-CSx-BSo-Wdp.png,true
CHEXBACCA,CHEXBACCA,8J5e2FPmBJ1subEUeVkELpeBZv9aYUrMmfHys7sREeXr,6,https://chexbacca.com/assets/images/slider/slider_img01.png,true
POWSCHE,POWSCHE,8CkiSHHJDHJV4LUoiRMLUhqG58cUkbyJRtcP4Z3mCXNf,9,https://dd.dexscreener.com/ds-data/tokens/solana/8CkiSHHJDHJV4LUoiRMLUhqG58cUkbyJRtcP4Z3mCXNf.png,true
Parcl,PRCL,4LLbsb5ReP3yEtYzmXewyGjcir5uXtKFURtaEUVC2AHs,6,https://ipfs.filebase.io/ipfs/QmVDpnYjKMCBdmqGddQNyW8cc3tBU5cKZFiSV5y18J5YnK,true
Smilek,SMILEK,7x4FgiFfeqzs1tiUNvJzpt47GtLXAJ8Jfn8G1Hyyu6JH,6,https://sapphire-lazy-macaw-504.mypinata.cloud/ipfs/QmZHBg3pzFBmmfAugfQqWt31YRUNFBcYshZdDbnuxRyxTf,true
Candle Cat,CANDLE,6iFUKWGDksVvmnSYJUGYnsu168xstni8xJkTF7QrpPAu,6,https://nftstorage.link/ipfs/bafkreicihgr364leax2u77ltfcrsl7hnrkj2dew2innyekaepvigsta3rm,true
HAMI,HAMI,4sp2EUDrQf46rZun6sYAWzjrXwUpx2T3njuoKmV766RJ,9,https://statics.solscan.io/cdn/imgs/s60?ref=68747470733a2f2f697066732e696f2f697066732f516d526579545254426a4257524c746b6d6d4b416569444d5358694b7242796f574b5455454b3548315356583442,true
American Coin,USA,69kdRLyP5DTRkpHraaSZAQbWmAwzF9guKjZfzMXzcbAs,6,https://arweave.net/xUs-YuP__T2cCUofTOJmYcHIzFHj5s8TdH-O-g9qn3w,true
YOUR AI (Wormhole),YOURAI,FjK6rqU6QzUeNtmK6QQ78cCuS5AHAhcm4HgJkdsvXaep,8,https://s3.eu-central-2.wasabisys.com/your-production/yourai-ticker-50x50.png,true
duk,duk,A2khRbhRJNrAEHj95htivC4cR4VbJwfssDH5FPPbP4m9,6,https://bafkreidfel55dm3bvwm4kx4qkutiiwmixsebetskzn7fqrxzkm7r3ilkwy.ipfs.nftstorage.link/,true
shibwifhat,SHIB,F6qoefQq4iCBLoNZ34RjEqHjHkD8vtmoRSdw9Nd55J1k,9,https://i.imgur.com/6CMeW5c.jpg,true
Catcoin,CAT,7hWcHohzwtLddDUG81H2PkWq6KEkMtSDNkYXsso18Fy3,3,https://raw.githubusercontent.com/catcoincom/Audit/mastar/logo1.png,true
TEH EPIK DUCK,EPIK,3BgwJ8b7b9hHX4sgfZ2KJhv9496CoVfsMK2YePevsBRw,6,https://pump.mypinata.cloud/ipfs/QmWqYXSxZGu2AzKLb91eJR9RF68UST8uqZyMj6WHJcogkL,true
MANEKI,MANEKI,25hAyBQfoDhfWx9ay6rarbgvWGwDdNqcHsXS3jQ3mTDJ,5,https://img.fotofolio.xyz/?url=https%3A%2F%2Fi.ibb.co%2FJnz56gp%2FManeki-PFP.png,true
GUMMY,GUMMY,H7bTHGb5Cvo5fGe5jBDNDPUv8KykQnzyZA3qZ8sH7yxw,9,https://bafkreih3pz2wklsnoae5zuyfvascdm3phyffimvyxbsi34rjnqzkjldopu.ipfs.nftstorage.link,true
GOTTI,GOTTI,FoAnSCG6CcqTq2rsTi58yyYBNk1HgsbLzS6b1kTP2ACL,9,https://statics.solscan.io/cdn/imgs/s60?ref=68747470733a2f2f697066732e696f2f697066732f516d623259554476394a316d54394b3157326e535432366b3455527862774353747171356435767167396e4c3443,true  
Milady,Milady,HB2pjBPuquh1XGEVC1GCKepdh4daoJnkJiHFmaorfBWu,9,https://bafkreiancqnp4k3varzynj4xuaigl3674r7ok4rkgwherzwkwqyevq23mi.ipfs.nftstorage.link,true
STASH INU,STASH,EWMfSJgDCE7CXDAYz3hbCaA7NsFHTnddySXx3shco2Hs,6,https://bafybeifodskw7mbbsygrad4oebwy5yh5qscrur5w4ltvximvxrrbrroiw4.ipfs.nftstorage.link,true
doland tremp,tremp,FU1q8vJpZNUrmqsciSjp8bAKKidGsLmouB8CBdf8TKQv,9,https://bafkreia5oynseyky72us6y7uzbas2uxoosujxvbnnuvscozetprbdinmey.ipfs.nftstorage.link/,true
Pumpkin's Staked SOL,pumpkinSOL,pumpkinsEq8xENVZE6QgTS93EN4r9iKvNxNALS1ooyp,9,https://raw.githubusercontent.com/bartenbach/pumpkins_pool/main/assets/img/pumpkintoken.png,true
Pathfinders SOL,pathSOL,pathdXw4He1Xk3eX84pDdDZnGKEme3GivBamGCVPZ5a,9,https://raw.githubusercontent.com/igneous-labs/lst-offchain-metadata/master/pathSOL/pathSOL.png,true
PepeTrump,$PTRUMP,Gk2kRrwNMBU4Dn9JhC1Dks8G5X9nqi4ZE5jMvK6bdgEd,6,https://bafybeihfyvc65n6lk7zh72ge6xuhdnjd6hyak6vzu2wabe7lttwv3njde4.ipfs.cf-ipfs.com,true
gerta,$gerta,DLvWoNT1d5iSX2T1aUUBzRdGbSef2xW3MwJBKtewVW6h,6,https://cf-ipfs.com/ipfs/QmWLHrrt6ah8WJWkn4rtmTKPeTkW1HScKaDde7sRCw3kFh,true
Cheese,Cheese,AbrMJWfDVRZ2EWCQ1xSCpoVeVgZNpq1U2AoYG98oRXfn,6,https://bafybeidkucqooosed5ksrfetexnedmf4kts5yo3ioocallzktffa3gjm3y.ipfs.cf-ipfs.com,true
tooker kurlson,tooker,9EYScpiysGnEimnQPzazr7Jn9GVfxFYzgTEj85hV9L6U,9,https://drive.google.com/file/d/1wcQL0K3apUAOrf0QgIvkgjwnDB9s6yHc/view,true
Kitsune,KIT,AUgdt7wjBifF9vZpde7BjU6HLroCYh4SUHYc7yhheECW,9,https://bafkreialxzf3b3bghbqantzfohxw4n35hpoqgbsi2ffg4lfise7vg7jxju.ipfs.nftstorage.link,true
Helius Staked SOL,hSOL,he1iusmfkpAdwvxLNGV8Y1iSbj4rUy6yMhEA3fotn9A,9,https://raw.githubusercontent.com/igneous-labs/lst-offchain-metadata/master/hSOL/hSOL.png,true
PESHI,PESHI,5LwseQRo8fsz4S3y7jbqqe5C7tZTz5PwhXNCHj13jLBi,6,https://bafkreidobd4eiplmvff42dnutldmwmjihkgbti6rpzuxz6p3c425e6qx6q.ipfs.nftstorage.link,true
Kamino,KMNO,KMNo3nJsBXfcpJTVhZcXLW7RmTwTt4GVFE7suUBo9sS,6,https://cdn.kamino.finance/kamino.svg,true
maek amuraca graet agun,maga,TrumptpNNBEgVjDc8bnemRTNYZKhdsst9ujNAnTSHqp,6,https://quicknode.quicknode-ipfs.com/ipfs/QmRqsMJB8nwJtJBXBkidBYmQ9PGn3hfYZjXH3zKkN5G8BY,true
mini,mini,2JcXacFwt9mVAwBQ5nZkYwCyXQkRcdsYrDXn6hj22SbP,6,https://bafybeiemvdqnprcn5ndjvqha2kc4sgkl7uyt7c36qmgqidql4zygr2hzjm.ipfs.cf-ipfs.com/,true
greg16676935420,GREG,zZRRHGndBuUsbn4VM47RuagdYt57hBbskQ2Ba6K5775,6,https://bafybeig4mevx45iox5ehpztya4dqx4hsqwyshobed4rnx2no4pbvsqksae.ipfs.cf-ipfs.com/,true
SolCex,SOLCEX,AMjzRn1TBQwQfNAjHFeBb7uGbbqbJB7FzXAnGgdFPk6K,6,https://i.imgur.com/YN1yUMM.png,true
keydog,KEYDOG,3fGoNjPohYRVPk9iJuwEW5WuURU5gmAdSRgNgeaanexQ,6,https://bafybeicduibywphlr6mrlo45gvpmlpnfcbc322alo4bgibwu46l6j7mkay.ipfs.cf-ipfs.com/,true
HABIBI,HABIBI,864YJRb3JAVARC4FNuDtPKFxdEsYRbB39Nwxkzudxy46,6,https://bafybeidxe4hbr3vn7cy7m3tcvxvrmzzc4cl6dcbmkqdb4yg7wgxli4iwyi.ipfs.nftstorage.link,true
Nyan Cat,NYAN,49ztDWXk7qEfz8Y1t8owmhLhewiA3ptVNPpRGAjRd8Wh,2,https://bafkreigmutvlo3qvgkz2w4h7n6537thcubprh5dm7dyuvymga6eavapckq.ipfs.nftstorage.link/,true
Deez Nuts,NUTS,DEEZgP19ZPovNeWRJZw7KuNbkLH6xjNjZ4HsUJnmZv7J,8,https://bafkreiecrtk3savhnotkruboj6ng245jrptp4mxfcolb5fquw2ulzk323u.ipfs.cf-ipfs.com,true
SwissBorg Token,BORG,3dQTr7ror2QPKQ3GbBCokJUmjErGg8kTJzdnYjNfvi3Z,9,https://bafybeiaxwonn35jbb7xexmlmguibskmbg5vlv7wzabht3prfespwde6e6u.ipfs.dweb.link,true
KEKW,KEKW,CEYNkwuEXU1KD3MN47NaMvHznPPimR15Sjfv6Y2r1SVw,6,https://cf-ipfs.com/ipfs/QmTSxnMHGHdFpjZVUshFSvmmcpCYom9XEkJsS63mYMiDyw,true
Giko Cat,GIKO,3WPep4ufaToK1aS5s8BL9inzeUrt4DYaQCiic6ZkkC1U,9,https://bafkreihtk4j4mjgragx3t2tqcjlhvq4w6mqn23bbapkakxmui4ghpuysdy.ipfs.nftstorage.link/,true
Solmedia,MEDIA,BNT4uhSStq1beFADv3cq4wQAVfWB392PjAaxTBpNeWxu,6,https://bafybeigt5xjkod5hk4gpcmygnyge4c2jivl7ejpotbsije3cv4qb7g2tzm.ipfs.nftstorage.link,true
Keyboard Cat,KEYCAT,9pPE1q9EW1bMQWbHmffrzUCfRr7S82UoxNUFfA6mAZC6,9,https://qd2ztbap7y35ga24m3m4y2zb234ellh5lx6uaw5jj4fgcdgmw7xa.arweave.net/gPWZhA_-N9MDXGbZzGsh1vhFrP1d_UBbqU8KYQzMt-4,true
Smoking Giraffe,GRAF,9EL3CHVQS3nwUFhyVT7AGbttRsbJ5UE8Qjnw5ZAtkUhr,5,https://ipfs.io/ipfs/QmedtE5ELVcMBe5jFBHojVSxftARQox6NaoEyD7cJXrj7L,true
Beluga Cat,BELUGA,E63CDwLy9Dwr3EptAzopV9RuWoQnn5ZVYEjLWnJX8dCw,9,https://bafybeid6xz4mx75na6wmjhn3axywvgs3d3gceie2evbg3koharbz4eptry.ipfs.nftstorage.link,true
achi,ACHI,4rUfhWTRpjD1ECGjw1UReVhA8G63CrATuoFLRVRkkqhs,9,https://bafybeif4dmihdltj7kn2z2ky752sze73u7azeic43qquleqiga55mdi3ie.ipfs.nftstorage.link,true
TRUMP,TRUMP,AwRErBEFGTnohzfLeRSBH9HddQEy2oeRxnWLrbvFFh95,6,https://bafkreihppwmhl36ppve4xugihubmi73lalbmm752o6f5g4zkvojajl6nyi.ipfs.nftstorage.link,true
Cat in Hoodie,HODI,HodiZE88VH3SvRYYX2fE6zYE6SsxPn9xJUMUkW1Dg6A,9,https://bafkreigipb4wge4gffvfkfftprfscu26n3oqufpfavpxh6v7eaw6n7yq4q.ipfs.nftstorage.link,true
Apple Cat,acat,acatzTjUeHDT3SoufN6NMxGUmBFtoqFHnFwusdw8kYX,6,https://bafkreifcnqbrplil4wqfd54ey3tw25c3haucpzr6f6acltfee3pbprkgzq.ipfs.nftstorage.link/,true
xiaojie,XIAO,EDavhezsuNnhdoAKPExWaMtnuhq6FVqoBYnyFEJLLBqC,6,https://bafybeibqz4chze636s7ypnob4xogp7vobosqsbwmeu36w4x62iyqb6n6hm.ipfs.cf-ipfs.com/,true
Insane Labz,Labz,4VC7UYqBo9Siw8ZnkPXfw9D3dzYCiVrPDzs9XRtyRJMH,9,https://ipfs.io/ipfs/QmUaVz9d9UfVHyfq2pskZQWCiE25LdRpwRXMeaM4VWYbWe,true
WAFFLES,$WAFFLES,8doS8nzmgVZEaACxALkbK5fZtw4UuoRp4Yt8NEaXfDMb,6,https://cf-ipfs.com/ipfs/QmNykfpiTcSM692rpcvfSs1KczefHbUthAmc6xKqy4r9db,true
Time Traveler,Barron,HmAgiwjjP9CXqK5wQNsHKtjAt2CH3Kv8Q7xH5kGL2nqZ,6,https://bafybeibew7y6kwsvmuictnamsabp6yjchcaflxhopimtzwkfh3dofrgwgi.ipfs.cf-ipfs.com,true
peanie,peanie,dekNoN3D8mXa4JHLwTbVXz8aPAyJUkk443UjcSpJKi4,6,https://bafybeigdlwglyry5q3y547rqg4jwagzbvx66byg7hotw4xz2bgjnzpb2oy.ipfs.cf-ipfs.com/,true
IO,IO,BZLbGTNCSFfoth2GYDtwr7e4imWzpR5jqcUuGEwr646K,8,https://bafkreicnqsbhpzxiasdm5esr7fqi3vcjvcbfefo4sq4y3ff747rfqf7w7i.ipfs.nftstorage.link,true
The Professor,LAB,2Pp6ebUvEL9YRTauUTmGTwYZKRfyQXGM9jE4S8WPDtEy,6,https://bafybeid7jj3mtoveumfngqonkx7n6usw437c66asi2ucce6sewtbjga2ni.ipfs.cf-ipfs.com/,true
elawn moosk,MOOSK,3KroURETdWLyFReapbdh6nTWQgS7Y6rorLY8jb1pJXoM,6,https://bafkreicqvacwy7uphmxa6lr7ssokinvjjqd6j3poidtg5jww5ckqu6jp7u.ipfs.nftstorage.link,true
AMC,AMC,9jaZhJM6nMHTo4hY9DGabQ1HNuUWhJtm7js1fmKMVpkN,9,https://bafkreic5kaqbao44hmgvcpa2ssah2rrmw7a4kwu7cnihbidoiqi6juiiai.ipfs.nftstorage.link/,true
huh cat,HUHCAT,6Ra49aqZTbEurJB1UQgAj1TjvbqajGP5um7gsTym8tWm,9,https://media.discordapp.net/attachments/1226868639815438386/1227643314057117756/huh_cat.png?ex=662926ee&is=6616b1ee&hm=bff710efabde7ee7387b4c9de572bd44afe221f2f0bcd70e85ec92fe5b90ee3c&=&format=webp&quality=lossless&width=1352&height=1352,true
Solala,Solala,HTPHknF5rBNCuZ1qK3muJA6Yo1HEhZj722oSESJnPBiw,9,https://ipfs.io/ipfs/QmepHfogAYtwvEsryDjRBUNRPGhVSGpFQNkYiXfdU4MmM2,true
Lets Fuckin Go,LFGO,2u98MM7DMtVmNG4iAKRNMtynjmkzgD6fXAzB3wVfhQvg,6,https://bafybeihigmjodulnlbn6dve7nmmwpkdgno5beid3hx5ku5irfy4wjmredy.ipfs.cf-ipfs.com/,true
Drift,DRIFT,DriFtupJYLTosbwoN8koMbEYSx54aFAVLddWsbksjwg7,6,https://metadata.drift.foundation/drift.png,true
steep jubs,opple,BG5Dp9gU5WbkHEaz6y95apb5NVPw3jC17M4ro27sgSXP,9,https://bafkreig7kb2jifavh2buo4l35op6dapjuunozaiwves42qgla5pk54t7ki.ipfs.nftstorage.link/,true
Wild Goat Coin,WGC,4Eb7ReeT936hX25KMBfYtyP1RWDdd9iixEwGJroACeLC,6,https://bafkreidmmciiwrpkgvaan764bph2xeor2kju2dx3l7gjxd52i6xpomc5sy.ipfs.nftstorage.link/,true
SCP,SCP,5sMyPtYRcrEVt27DW3xhGVVha3zCXLv4caVt88PXjBgV,9,https://scpri.me/files/scp/logo.png,true
dicki,$dicki,8EHC2gfTLDb2eGQfjm17mVNLWPGRc9YVD75bepZ2nZJa,9,https://node1.irys.xyz/p3DocXjrB0pcccnhu40Rs-cW8OsFeTOb-VFe1EHduoM,true
GAME OF MEMES,GOME,8ULCkCTUa3XXrNXaDVzPcja2tdJtRdxRr8T4eZjVKqk,6,https://image-cdn.solana.fm/images/?imageUrl=https://cf-ipfs.com/ipfs/QmRf3hwySTcY257EbqmLNZMqyBwY6dPhQodAuHXjEutDYK,true
CatSolHat,SOLCAT,E99fN4tCRb1tQphXK1DU7prXji6hMzxETyPNJro19Fwz,6,https://i.imgur.com/6dJWbbL.jpeg,true
brainrot,rot,APoM2sXUzdRHTkUjXSsdUheX1wPPdP4HFLotmtRNMU8P,6,https://nftstorage.link/ipfs/Qmea5bQBRfTU2ZAhQrYL59kpobLjCiYqk8xAXXDDYWWA7t,true
NYAN,NYAN,NYANpAp9Cr7YarBNrby7Xx4xU6No6JKTBuohNA3yscP,9,https://arweave.net/y47ZDh8ENPK9foEtjm7zg6E-JIK3qSOAPSBdbltkeg4?ext=png,true
wifSOL,wifSOL,Fi5GayacZzUrfaCRCJtBz2vSYkGF56xjgCceZx5SbXwq,9,https://arweave.net/C9ISQflnq1MPpAFbN9D3MG4yhCPST1aGz97gv9zCC70,true
BEER,$BEER,AujTJJ7aMS8LDo3bFzoyXDwT3jBALUbu4VZhzZdTZLmG,6,https://arweave.net/VLGzUkx9E4TBr3rGWehMfR_f42xa92VxA-JvkAIqzw0,true
ZACK MORRIS,ZACK,8vCAUbxejdtaxn6jnX5uaQTyTZLmXALg9u1bvFCAjtx7,6,https://cf-ipfs.com/ipfs/QmPe1csXRHKPF7Yn5PGzrGk9EXi9yNs1keB2c7sqsHkHNN,true
Boxxy Coin,BOXXY,EzYyFvUE2AepSxbtdDkkq5rWpN7bXhYzQphZ2gF4Y24R,6,https://bafkreigs3ktjx5x5w42c2ad2mwirh54iyfq2a7bapfae3f6jgbh4qpqxmq.ipfs.nftstorage.link/,true
SNIFF,SNIFF,4oaV94McVveRosSgdZTn3jkMpr1ge7SQZjwBZ7xG6oA7,6,https://ipfs.io/ipfs/QmWMo39iqF5HqQNfprcifguRR87CVo1iNXWSwERUCgRkPe,true
777FuckIlluminatiWorldwide,FIW,FeKmTunVrXDKEoDJbuTwZi8vfFFw3MHzpPB79JD8ARYU,6,https://gateway.irys.xyz/L6E7LMN7Trvj-Iv4EzvkDqL205JVxGOHoY67LUr8Ytg,true
MAGA,MAGA,sfYDFZJguyF4YLZjje7qwwh41NRymFfZ3QXZbVm7Eyg,6,https://bafybeidjt2xhr3mf6th63lxwmdcwwfnwgxqiwdhbf4lsnrebkwfhgq2bte.ipfs.nftstorage.link,true 
DogWifNoHat,NoHat,5BKTP1cWao5dhr8tkKcfPW9mWkKtuheMEAU6nih2jSX,6,https://ipfs.io/ipfs/QmYRzwG8GBcbYFgpXQxQm9Nrf3KTnU2EKVwMJktE1n4UPa,true
Apu Apustaja,APU,ECutGg12PNhqhkvnH1s1FcuXgCDzKDNhSf5aLtANioR7,6,https://soldeployer.mypinata.cloud/ipfs/QmVb8aYRjzvr7hRkKLD3L3mTfDo41dECpPMpa1pzcqhD2L,true
Monkey,MONKEY,921MoB1U7VprQfWw5D37a38LCBgB3nareT7rNffk66BG,4,https://i.ibb.co/ckNxCz8/photo-2024-02-07-17-12-39.jpg,true
UPROCK,UPT,UPTx1d24aBWuRgwxVnFmX4gNraj3QGFzL3QqBgxtWQG,9,https://raw.githubusercontent.com/uprockcom/token/main/logo.png,true
PayPal USD,PYUSD,2b1kV6DkPAnxd5ixfnxCpjxmKwqjjaYmCZfHsFu24GXo,6,https://424565.fs1.hubspotusercontent-na1.net/hubfs/424565/PYUSDLOGO.png,true
STACKS,STACKS,8npbXTu4oTNw3xrMGY1aTm4CtB7cMPVuRUCh3Wqj3fSW,9,https://assets.pinit.io/FADeYLKV1tWgX3pP9boaiF9Qt2vbGfXm3QuEoqCmRPH3/0edcd082-6fa5-4889-987d-0137889771c0/slap_city.jpg,true
Lionel Messi,MESSI,HiRx4TWNmuPK6VKxGKPSw8T7dZ9NuCrakpNpRoiCEyrA,6,https://bafybeidgb7gr3avdzs2c5zc7oi4at3bjrcw5k6c3fgzk6lw2ewpfmy43jy.ipfs.nftstorage.link,true
walter,WALTER,FV56CmR7fhEyPkymKfmviKV48uPo51ti9kAxssQqTDLu,6,https://bafybeifzdagclwcdsxidg5giw7oyfaschdtb5atqow3emaqtkignosvpxu.ipfs.dweb.link/,true
MOTHER IGGY,MOTHER,3S8qX1MsMqRbiwKg2cQyx7nis1oHMgaCuc9c4VfvVdPN,6,https://cf-ipfs.com/ipfs/QmUFTFWsJiceS99iDMDm2NYuhvHXJVXTgmsDeR28X8njSn,true
NATIX Network,NATIX,FRySi8LPkuByB7VPSCCggxpewFUeeJiwEGRKKuhwpKcX,6,https://lp5te7kfxvf6tsuwzmt5iizam6h6xxws5qrmnnqvcspbweesxpiq.arweave.net/W_syfUW9S-nKlssn1CMgZ4_r3tLsIsa2FRSeGxCSu9E,true
Pepe,Pepe,B5WTLaRwaUQpKk7ir1wniNB6m5o8GgMrimhKMYan2R6B,6,https://ipfs.io/ipfs/QmZMTnCNYincJTTtNvxptHGEnB36F336C544Re5Zjo2QLj,true
cok the cat,COK,Dnb9dLSXxAarXVexehzeH8W8nFmLMNJSuGoaddZSwtog,6,https://arweave.net/50WjWGHJ--0JOMACDrGkQVEp_wuZgURMbkYlaFSDG_Q,true
TradeBot,tradebot,GaRph5BcLZZ4sRh6EXKS6V7dicVanhcwa5iWEE6AbEYR,6,https://bafybeibnvnsqtp5l47rj3czt4wsg5uzozbvk5pokpxclgb4b7djl2xb2jq.ipfs.cf-ipfs.com/,true
ArgentinaCoin,ARG,9XRpjZjhJPeWtUymiEWn3FW7uAnMeQca14ucTWWWyP2g,6,https://ipfs.io/ipfs/QmeZBCD8fvvp53LFQf3xHWVsvwwtNZGZn3VZFHC2m8EKFE,true
Doug The Duck,DOUG,BavuJ8bntC79A8aHTxQi1EUhcCnqvEU8KSBE4sVCAaHc,6,https://node1.irys.xyz/KLkYev5kg9Dg26f9w_pkcjotYh-3eeckUmru22vEVsw,true 
21.co Wrapped Bitcoin,21BTC,21BTCo9hWHjGYYUQQLqjLgDBxjcn8vDt4Zic7TB3UbNE,8,https://cdn.onyx.21.co/images/tokens/21BTC.png,true
Wine,WINE,DoVRzHXXicZucnuskdMg7DePhBHFkhvvhta5nf1deFoQ,6,https://ipfs.io/ipfs/QmPBZhPerrYygkw8gwDgs7yhyTbi8diBQ26PwcgcTQmPuZ,true
Elixir Games,ELIX,5cbq1HriesW4zHpFEk9Gc8UT4ccmfHcBTDCa2XcBduTo,9,https://arweave.net/tml1EyafVlti4pzSdA9bE11DSlowFDs3XuqA-JewtBU,true
WOMAN YELLING AT CAT,WYAC,BEgBsVSKJSxreiCE1XmWWq8arnwit7xDqQXSWYgay9xP,6,https://ipfs.io/ipfs/QmPC48TdRtFuYSkBWxE7E5D93x7aDNFdECF5tkngxwYU7p,true 
aura,aura,DtR4D9FtVoTX2569gaL837ZgrB6wNjj6tkmnX9Rdk9B2,6,https://ipfs.io/ipfs/QmSBgFtpXnxLMeyU1Czs1PW5Zv7nFjy8ZXe5ZDhA8fyyPD,true
gomu gator,gomu,Bx74hpFiaiBbSonrjyqxjGfAA7gRxM2CeKiy31uN6biR,6,https://ipfs.io/ipfs/QmSHQy78zSk1eaG8cFGiLEeoyWAEB2ro3S76WpJZ1FfjKW,true
FalconX,FALX,Afo4NumBNHDXc7m7p6qjZ1pF3LbqYfG5k1CNrGve8rVu,9,https://purple-causal-bass-212.mypinata.cloud/ipfs/QmSoDedAeG3CMHL89FGgZrCwH9ubEtUm2w9WRUtnrBz4Rr,true
GME CAT,GMECAT,DcgDYp2AbHzCSsdhxTds887uk98wtTTA9fd2DLzNi6UZ,9,https://node1.irys.xyz/cs-2kjnEtfahbF3pXI0raiwr6k1ZA94-SA_H_UdsTbU,true
soulja coin,sboy,G3ukjeHBrDJ1zUFr6KandnW4bPcjmvK3qL2uATRb3F63,6,https://cf-ipfs.com/ipfs/QmaLWmZgBvf2vhM2HCooXPNfJ6HdKgKGyB681pEncQHFzD,true
Donald Trump,TRUMP,4h8LjZWUfUQVgbEZ29UzTuGXNW6rwrJis78ZU66ekkPV,9,https://ibb.co/6X2r4kB,true 
sharki,SHARKI,6U48jtR53ZK3E1MozLrpwJDTrtj74uuFhMGNzGY18YPu,9,https://gateway.irys.xyz/V6O5BkXCXxmKNxs5NVjhvwH_NjvTAD8Jz0-2MKGM6jQ,true 
real fast,speed,5Wd2ALxQfnpgQKCyH4WL9giBiiuuLuJs84CJxfQccvmN,9,https://cf-ipfs.com/ipfs/Qmefzw1YgkLqYGJbrPirJLtbzjoNJ5JfBKN1tMX3okpHfE,true
GCRClassic,GCR,791hZNiCJy1qGSGzAvqUU8X6gejiBJ2mBV8JjYoVnzBR,6,https://cf-ipfs.com/ipfs/QmPck3YwoS8JHvxG9py11zbEQaBzgcRG4gSYzPpM9b4yjE,true
Fatality Coin,FATALITY,DXCoKQ7iLpux398fNHewQn6djfGobzFuPiR5o8hrVHAb,9,https://bafkreie3tk2pnz2tap2onh2eqf5cvg4uda3ec3m7x5mxb5frp2lim2mbbm.ipfs.nftstorage.link,true
REAL NIGGER TATE,RNT,2fUFhZyd47Mapv9wcfXh5gnQwFXtqcYu9xAN4THBpump,6,https://cf-ipfs.com/ipfs/QmUnhx14xmKQnyRk3Bqj31a5xKJNVkDH2UzFAizBRPYw2r,true
CatFrogDogShark,SOLANA,fESbUKjuMY6jzDH9VP8cy4p3pu2q5W2rK2XghVfNseP,6,https://cf-ipfs.com/ipfs/QmVB3D2Cm19FKUL6sKwoGLxYRggwGV56p66gehhAepWewC,true
Uber Jeets,UberJeets,G2ShfTkHaPgY1YUqZzB611coeFpbhyGirzgGmyW5fEhV,6,https://ipfs.io/ipfs/QmXoowrVjJGbJwu8PcNrRrkgaMvmRSWhtJzXgctookqrjf,true
TOP G,TOPG,8NH3AfwkizHmbVd83SSxc2YbsFmFL4m2BeepvL6upump,6,https://ipfs.io/ipfs/QmSoStGEqkQ3oRJtChNoqiLH7iBBmSv5xZFfrYcJvmG3Fr,true
FISH N CHIPS,CHIPPY,Bz7Nx1F3Mti1BVS7ZAVDLSKGEaejufxvX2DPdjpf8PqT,6,https://pump.mypinata.cloud/ipfs/QmdiHcE6Fr6H8qsyPtxcodUTvdsfJVS5iG29ysGzNsbKLe,true
StareCat,HELIA,FZnSMd1hPu5MVgttmtfDZUPN5gcuexvrh3CB67UuQshb,6,https://cf-ipfs.com/ipfs/QmWJGdJLF9GwYCsJfP81SvnCbZaso8aqokA3ZEQRigieyq,true
SolBastard,soba,25p2BoNp6qrJH5As6ek6H7Ei495oSkyZd3tGb97sqFmH,6,https://img.fotofolio.xyz/?url=https%3A%2F%2Fcf-ipfs.com%2Fipfs%2FQmW1VaQ31oKGUeRnXiohvrZXzu1ETBWK3rM4haVYnfShXo,true
KOALA AI,KOKO,FsA54yL49WKs7rWoGv9sUcbSGWCWV756jTD349e6H2yW,6,https://statics.solscan.io/cdn/imgs/s60?ref=68747470733a2f2f6261666b726569636c776579336f6634636565736b6173747573696b6a77373379626d7464647276736b79356a78617370757361786a68747975792e697066732e6e667473746f726167652e6c696e6b,true
HeeeHeee,HEEHEE,9dLuVbJMd4ZpTpFgmaFHAGSsFwVjtcnzFWaLAA1expHg,6,,true
Let Him Cook,COOK,G8Vy25NzjRmuQtnN35xF7j3X2Z1TrV39XijZu8Mg4w8n,6,https://ipfs.io/ipfs/bafkreicbrcaa5n3zwxgvykcpdbhyzpwvcihnfhsnrhkf2rwtw3pzd4d4sm,true
Carl,CARL,CARL1SLwhaK4eaF633jgEgYgJ7UDJmTa9XGHfMgPud5e,6,https://statics.solscan.io/cdn/imgs/s60?ref=68747470733a2f2f6261666b726569643663656f676b767275646d367a6d3263663668333477717233776634376d34687533796a71357a767a7270646b6867727232792e697066732e6e667473746f726167652e6c696e6b2f,true
Gem Finder,FINDER,Dn7mshRUg4LEq1RfMLz27ViL2P16hn8p12bGBVZsiyak,9,https://bafkreie35aa2seimlokllhc4y6ctjlimxa5j3qzw2z73nwzmudxeitflum.ipfs.nftstorage.link,true
Chudjak,Chud,6yjNqPzTSanBWSa6dxVEgTjePXBrZ2FoHLDQwYwEsyM6,6,https://ipfs.io/ipfs/QmXRB5ujAAVNERmTPcmPT5aZaySVgNeAWVuXQNShWW2d37,true
DADDY TATE,DADDY,4Cnk9EPnW5ixfLZatCPJjDB1PUtcRpVVgTQukm9epump,6,https://cf-ipfs.com/ipfs/QmXQ2NFebNVS1GQGvdXpj8PLM8H1P96A7pRVXF6geMtrnJ,true
LandWolf,WOLF,Faf89929Ni9fbg4gmVZTca7eW6NFg877Jqn6MizT3Gvw,8,https://ipfs.io/ipfs/QmSFSkXjqqoMoZTXahkn9uhNFKMnyCXqih6qwpRGBFC1AN?filename=LandWolf.jpg,true
kith gil,gil,CyUgNnKPQLqFcheyGV8wmypnJqojA7NzsdJjTS4nUT2j,6,https://img.fotofolio.xyz/?url=https%3A%2F%2Fcf-ipfs.com%2Fipfs%2FQmYjnAgqAY4MTWdaBJTUHorQB7LABcsnEmu49AhKTzZBkp,true 
Toad,$TOAD,FViMp5phQH2bX81S7Yyn1yXjj3BRddFBNcMCbTH8FCze,4,https://statics.solscan.io/cdn/imgs/s60?ref=68747470733a2f2f676174657761792e697279732e78797a2f38456251475f59645759334373385f71696c5230507061775170344f45696f7a51366d69777a4d76755949,true 
Triad,tTRIAD,t3DohmswhKk94PPbPYwA6ZKACyY3y5kbcqeQerAJjmV,6,https://6ur2hw5rrmu4yljraaqrkrikec6alcexzlrhoghw2peghvp624ka.arweave.net/9SOj27GLKcwtMQAhFUUKILwFiJfK4ncY9tPIY9X-1xQ?ext=png,true
Wall Street Bets,WSB,AkVt31h8vgji5wF4nVbq1QmBV5wBoe8JdSoDTkDhQwEw,6,https://bafkreidh7trekyj225tiafhfj6okhfqon2tihfn6d2hkic4rip7boqxmwq.ipfs.nftstorage.link/,true
Lil Pump,lilpump,9vrGUHwsC8LyLjQoh3zJb9S53x7A88u49La63qPB6F5t,9,https://bafkreien64lco2u3jwti6oeuhua7jf3acwo3fnbhau2m6fpz4hdt3ggkgi.ipfs.nftstorage.link,true
DeFiTimeZ,DFTZ,71WsPPm44SUTWDfcCdLKsDezw4ZBXDrPjHz2rea7Lo97,7,https://statics.solscan.io/cdn/imgs/s60?ref=68747470733a2f2f6261666b7265696233616836696969636137637070646f6f646334726b6961686d7a7569756e72667676626c6c6f623536637773333363657476792e697066732e6e667473746f726167652e6c696e6b,true 
Waka Flocka,FLOCKA,9n8b1EXLCA8Z22mf7pjLKVNzuQgGbyPfLrmFQvEcHeSU,6,https://bafkreif5xckv3cqz5t3cml5u2qjwjcx4aprzeaztt5kjxj445t25uyt33e.ipfs.nftstorage.link,true
bicho,bicho,GkJxELgJXpQRm7dfc2yS18vBDRxP5SjVJgbrmTGgpump,6,https://ipfs.io/ipfs/QmRtQcJGtNs5qEREuMtez5DJKqUtAytCZq9M4RndonWMzR,true
TrumpCoin,DJT,HRw8mqK8N3ASKFKJGMJpy4FodwR3GKvCFKPDQNqUNuEP,9,https://i.postimg.cc/htS9z8BK/image.png,true
BILLY,BILLY,3B5wuUrMEi5yATD7on46hKfej3pfmd7t1RKgrsN3pump,6,https://cf-ipfs.com/ipfs/QmdRU5EkGt1VsgLsXJdHK5kjojQqggQHjhyqeJwmApR53R,true
SCOTT WU,DEVIN,7gbEP2TAy5wM3TmMp5utCrRvdJ3FFqYjgN5KDpXiWPmo,6,https://statics.solscan.io/cdn/imgs/s60?ref=68747470733a2f2f63662d697066732e636f6d2f697066732f516d57616854575470554b54667378376342594d3351533175705171336a586556784d72314547666d437168746a,true 
SelfieDogCoin,SELFIE,9WPTUkh8fKuCnepRWoPYLH3aK9gSjPHFDenBq2X1Czdp,6,https://cf-ipfs.com/ipfs/QmcrXYhDD6mcCWziAZfmMp9zwv1RvMAXaShBHEQzQjpaRj,true
StaRKe SOL,rkSOL,EPCz5LK372vmvCkZH3HgSuGNKACJJwwxsofW6fypCPZL,9,https://arweave.net/INyKzzPVD4BUqqMgQbd_QxmhmPJq-NrLHujNTouwD4g,true
TOLYS CAT,OPPIE,GwyxednWbrhgT2K6iPUsbtadErA7TBGqsJjyzAody2mv,6,https://imgur.com/a/g8ncEiF,true
MoonTrump,TRUMP,BqhNdGtS1Nqtzi2MvZ7G8NN1vRuHZ12UpHGJKe71e1JT,9,https://statics.solscan.io/cdn/imgs/s60?ref=68747470733a2f2f697066732e696f2f697066732f516d514a4877434c42735034336a3251333233377a5059734a4d704e745a67666264653131593745556257433352,true
Gay Coin,GAY,9GnU66c8qtMmj8rZ481N8Ums1Zmqdv5HgtQJyRVXt8MS,9,https://image-cdn.solana.fm/images/?imageUrl=https://bafkreiawnonresayudw43hu67b37ga3dlfkbgq2oicfhc3vtmbnwzukdcu.ipfs.nftstorage.link,true
FREE ROSS NOW,FRN,J5tzd1ww1V1qrgDUQHVCGqpmpbnEnjzGs9LAqJxwkNde,6,https://statics.solscan.io/cdn/imgs/s60?ref=68747470733a2f2f6261666b7265696264347172646967656a68686635627576717970796c76716c653433706661756432796e6f7971326e36646a7a7064643532716d2e697066732e6e667473746f726167652e6c696e6b,true 
Salt Bae For The People,SBAE,BWWWurbodjGbovFetc3FC6oSbqkdoE62E1XqZ7X4pump,6,https://framerusercontent.com/images/CQzb6jENwKQEt1JkKTgSFN9pig.png,true 
WeatherXM,WXM,wxmJYe17a2oGJZJ1wDe6ZyRKUKmrLj2pJsavEdTVhPP,9,https://ipfs.io/ipfs/QmZkghK7bGgT5s9jibodXCM8tFMCJqLKtUnzCw4Fu2nqcw,true
WATER,$WATER,B6h248NJkAcBAkaCnji889a26tCiGXGN8cxhEJ4dX391,6,https://arweave.net/4Tq7tzIwblJcLPm7kAuC7-fy0hcy7RDVVPZt3TarfaU,true
Antara Token,ANTT,ANTT2Ve8c3JC6fAksFxUGtByzEHmJs49EupP7htA5W7j,9,https://statics.solscan.io/cdn/imgs/s60?ref=68747470733a2f2f692e706f7374696d672e63632f6662675a516a73522f416e746172612d546f6b656e2e706e67,true 
Golden Celestial Ratio,GCR,7dGbPgUxKpB5qWiLRKcTQSC3om1fPzUpgGAFfwej9hXx,9,https://statics.solscan.io/cdn/imgs/s60?ref=68747470733a2f2f697066732e696f2f697066732f516d5a4b507768615a6248553361446d3141634e7755535072356744414b34615a476a7454684d5831694c424163,true
Degen Danny,DANNY,5NHd3MsP6dXi9r1saPkeB2DoZyXLvPiqv4n9J54Cpump,6,https://statics.solscan.io/cdn/imgs/s60?ref=68747470733a2f2f63662d697066732e636f6d2f697066732f516d56445563385a3455334e7174336544644238703533797051346f4e58774e6d7a74397434504e445657704370,true 
Hello Token,HELLO,4h49hPGphLNJNDRyiBwzvKoasR3rw1WJCEv19PhUbSS4,9,https://raw.githubusercontent.com/Hello1Official/assets/main/internal/assets/images/coin-logo-512x.png,true
macho,macho,8zFovnzXzK9JDiftGaw7wiRxARrRtvm9Lz12vJ8CZ5ZA,5,https://gateway.irys.xyz/V6AglMVN9EMa8IB2aerQlV5vAj9h0unJMXTm9tCb9iE,true
Jason Derulo,JASON,6SUryVEuDz5hqAxab6QrGfbzWvjN8dC7m29ezSvDpump,6,https://statics.solscan.io/cdn/imgs/s60?ref=68747470733a2f2f63662d697066732e636f6d2f697066732f516d61366f715a6e57577a645379774a373846336378594a6b4537634c3535514e4a69656a756a35314b4b72314b,true
Caprisun Monkey,capri,JD3S1oqnjG5trRTZXpLmKnS7LsKsppyFa51rPBBMWogv,6,https://statics.solscan.io/cdn/imgs/s60?ref=68747470733a2f2f63662d697066732e636f6d2f697066732f516d4e68666b674636436b7634706964367a6d7636586b59744346655854507a70413651774267616f4172685138,true
Zeta,ZEX,ZEXy1pqteRu3n13kdyh4LwPQknkFk3GzmMYMuNadWPo,6,https://raw.githubusercontent.com/zetamarkets/brand/master/assets/zeta.png,true
piin,piin,piinKrjeiUVwhnXzsgNCV2aVGsBc4GwHQ9eCtkAgcTw,6,https://statics.solscan.io/cdn/imgs/s60?ref=68747470733a2f2f746f6b656e2d6e646c6c6d7772686d2e70616765732e6465762f7069696e2f69636f6e2e706e67,true
pepeinatux,$INA,2yd2Suus3YY4Sa7LHhn1PSHkjXj3XKrars4cCog2tGU8,6,https://statics.solscan.io/cdn/imgs/s60?ref=68747470733a2f2f63662d697066732e636f6d2f697066732f516d6351324d7a4e7a686b714b5266554d50327042396d5a75317653396e714b32386d7654513848415063515150,true 
Neuracat,NCAT,82Rc22mnyHrmBGwj15rhYhFzVrU3bgFkjNtV3iHjpump,6,https://statics.solscan.io/cdn/imgs/s60?ref=68747470733a2f2f63662d697066732e636f6d2f697066732f516d653532705a4b6742467a6b736465705643444c6668784742336963717653357838356f78504a615832527745,true
Intergalactic,IMSO,imsoru6juztJ4pTJvPQaTnY766uEmCVc4AQJ8V1Yuvs,9,https://shdw-drive.genesysgo.net/BNhknYkm4djh4V7c5jYHrRWBYvsH3wngsjd5MM3q7Ho9/interImage.jpeg,true
Tsuki,TSUKI,463SK47VkB7uE7XenTHKiVcMtxRsfNE2X4Q9wByaURVA,9,https://image-cdn.solana.fm/images/?imageUrl=https://ipfs.io/ipfs/QmV4hWeYKtfHXRpqqo2vHsr8tns5yTLpMyjGCKGjW3Xjp4,true
LOCK IN,LOCKIN,8Ki8DpuWNxu9VsS3kQbarsCWMcFGWkzzA8pUPto9zBd5,9,https://statics.solscan.io/cdn/imgs/s60?ref=68747470733a2f2f697066732e696f2f697066732f516d6332534a5157344b37555959564c646f4b5366346347565a62754647544634645a694164527469764e6b7058,true 
memechan,CHAN,ChanGGuDHboPswpTmKDfsTVGQL96VHhmvpwrE4UjWssd,9,https://statics.solscan.io/cdn/imgs/s60?ref=68747470733a2f2f617277656176652e6e65742f55323763623969577435694d55673152743364726b56315a38487076777261474a4d57615f6b4331563155,true 
It's Joever,JOEVER,5ycBARVYYau1CW8s1r6Ty439rbVvGm7x5DRkxGiGKmZ,9,https://36rnr2hbkzq64nczb2xn46sm2ccdpgarvo3e45wuvftrcobezlfa.arweave.net/36LY6OFWYe40WQ6u3npM0IQ3mBGrtk521KlnETgkyso,true
BRETT GOLD,BRETTGOLD,F6ExBzKdLRcJkCAknQgfbhRXX78EhqoNxPnegJWPpump,6,https://statics.solscan.io/cdn/imgs/s60?ref=68747470733a2f2f63662d697066732e636f6d2f697066732f516d63703939554a43557978737a42783741366157524850386974326237767834436e69457166516561735a5765,true
Purple Pepe,PURPE,HBoNJ5v8g71s2boRivrHnfSB5MVPLDHHyVjruPfhGkvL,1,https://statics.solscan.io/cdn/imgs/s60?ref=68747470733a2f2f617277656176652e6e65742f574575676b676c4243354c654138544175764f763878325f3777534744554e324938315f6e597032422d41,true
BAKED,BAKED,CQbXk942c6GPcRwtZ2WMFP5JcQ9NqbXtb8jUewBi7GoT,6,https://raw.githubusercontent.com/Baked-Resources/solana-token/main/baked_logo.jpg,true
Send,SEND,SENDdRQtYMWaQrBroBrJ2Q53fgVuq95CV9UPGEvpCxa,6,https://tgnrqry5tpxb5imfstlqu2mdqpm3zwmmaxrrakjxuinvpwhkanca.arweave.net/mZsYRx2b7h6hhZTXCmmDg9m82YwF4xApN6IbV9jqA0Q,true
Cloud,CLOUD,CLoUDKc4Ane7HeQcPpE3YHnznRxhMimJ4MyaUqyHFzAu,9,https://arweave.net/N7vCgQdgQ-fab28zEB4m8QRLMwI91_KcXI-Gtr151gg,true
